IP 地址,已发送,已接收,丢包率,平均延迟,下载速度(MB/s),地区码
103.21.244.220,4,4,0.00,156.03,9.75,SJC
141.101.114.63,4,4,0.00,165.10,8.60,SJC
172.64.229.186,4,4,0.00,55.33,7.58,NRT
162.159.62.38,4,4,0.00,168.96,6.91,SJC
141.101.121.46,4,4,0.00,167.93,6.44,SJC
198.41.200.234,4,4,0.00,168.34,5.44,SJC
198.41.207.49,4,4,0.00,166.96,3.23,SJC
162.159.246.81,4,4,0.00,168.68,1.49,LAX
162.159.39.80,4,4,0.00,169.23,0.65,LAX
162.159.50.106,4,4,0.00,167.10,0.00,N/A
104.31.16.115,4,4,0.00,169.42,0.00,N/A
104.21.231.110,4,4,0.00,169.52,0.00,N/A
104.16.41.100,4,4,0.00,169.86,0.00,N/A
198.41.195.177,4,4,0.00,170.22,0.00,N/A
162.159.242.251,4,4,0.00,170.44,0.00,N/A
162.159.213.33,4,4,0.00,170.75,0.00,N/A
104.21.228.163,4,4,0.00,171.10,0.00,N/A
104.19.253.176,4,4,0.00,171.24,0.00,N/A
162.159.195.142,4,4,0.00,172.97,0.00,N/A
162.159.244.153,4,4,0.00,173.14,0.00,N/A
162.159.49.123,4,4,0.00,173.46,0.00,N/A
162.159.243.7,4,4,0.00,173.78,0.00,N/A
104.16.48.0,4,4,0.00,174.13,0.00,N/A
104.16.37.213,4,4,0.00,175.13,0.00,N/A
162.159.11.21,4,4,0.00,175.27,0.00,N/A
104.16.28.84,4,4,0.00,175.43,0.00,N/A
104.16.54.106,4,4,0.00,176.03,0.00,N/A
141.101.115.244,4,4,0.00,176.18,0.00,N/A
162.159.250.100,4,4,0.00,176.68,0.00,N/A
104.21.229.173,4,4,0.00,177.18,0.00,N/A
104.25.88.71,4,4,0.00,177.25,0.00,N/A
162.159.44.242,4,4,0.00,177.37,0.00,N/A
104.16.0.225,4,4,0.00,177.53,0.00,N/A
104.16.7.39,4,4,0.00,177.66,0.00,N/A
162.159.240.143,4,4,0.00,178.19,0.00,N/A
198.41.208.207,4,4,0.00,178.52,0.00,N/A
104.16.35.149,4,4,0.00,179.04,0.00,N/A
162.159.252.65,4,4,0.00,179.05,0.00,N/A
108.162.195.42,4,4,0.00,179.11,0.00,N/A
162.159.48.138,4,4,0.00,179.12,0.00,N/A
104.16.16.109,4,4,0.00,179.37,0.00,N/A
162.159.60.199,4,4,0.00,179.43,0.00,N/A
162.159.38.107,4,4,0.00,179.72,0.00,N/A
104.21.238.97,4,4,0.00,180.03,0.00,N/A
162.159.251.103,4,4,0.00,180.05,0.00,N/A
162.159.27.229,4,4,0.00,180.54,0.00,N/A
104.21.33.27,4,4,0.00,180.59,0.00,N/A
104.16.30.228,4,4,0.00,180.75,0.00,N/A
141.101.122.98,4,4,0.00,180.86,0.00,N/A
104.21.230.187,4,4,0.00,180.87,0.00,N/A
198.41.203.171,4,4,0.00,180.98,0.00,N/A
104.21.239.232,4,4,0.00,181.48,0.00,N/A
104.16.65.238,4,4,0.00,181.50,0.00,N/A
104.27.103.37,4,4,0.00,181.78,0.00,N/A
141.101.120.145,4,4,0.00,182.01,0.00,N/A
198.41.217.190,4,4,0.00,182.13,0.00,N/A
162.159.245.184,4,4,0.00,182.14,0.00,N/A
104.25.173.194,4,4,0.00,182.23,0.00,N/A
104.21.70.47,4,4,0.00,182.71,0.00,N/A
162.159.255.131,4,4,0.00,183.41,0.00,N/A
104.16.39.78,4,4,0.00,183.66,0.00,N/A
162.159.235.179,4,4,0.00,183.70,0.00,N/A
104.21.62.192,4,4,0.00,184.18,0.00,N/A
104.21.114.158,4,4,0.00,184.45,0.00,N/A
104.16.23.195,4,4,0.00,184.64,0.00,N/A
162.159.1.46,4,4,0.00,184.69,0.00,N/A
104.16.29.130,4,4,0.00,184.76,0.00,N/A
104.16.70.212,4,4,0.00,184.94,0.00,N/A
104.16.5.127,4,4,0.00,184.98,0.00,N/A
104.16.3.235,4,4,0.00,184.98,0.00,N/A
198.41.198.130,4,4,0.00,185.09,0.00,N/A
104.16.12.77,4,4,0.00,185.53,0.00,N/A
104.21.2.229,4,4,0.00,185.74,0.00,N/A
104.16.69.209,4,4,0.00,185.92,0.00,N/A
104.16.36.160,4,4,0.00,186.72,0.00,N/A
198.41.194.203,4,4,0.00,186.74,0.00,N/A
162.159.254.0,4,4,0.00,187.24,0.00,N/A
172.66.43.127,4,4,0.00,187.82,0.00,N/A
104.16.8.177,4,4,0.00,188.11,0.00,N/A
104.21.119.151,4,4,0.00,188.44,0.00,N/A
104.16.33.161,4,4,0.00,188.49,0.00,N/A
173.245.49.241,4,4,0.00,188.62,0.00,N/A
162.159.249.89,4,4,0.00,188.70,0.00,N/A
104.25.155.147,4,4,0.00,188.99,0.00,N/A
104.16.10.230,4,4,0.00,189.43,0.00,N/A
198.41.211.133,4,4,0.00,189.51,0.00,N/A
104.16.38.191,4,4,0.00,189.58,0.00,N/A
162.159.247.65,4,4,0.00,189.88,0.00,N/A
162.159.253.140,4,4,0.00,189.88,0.00,N/A
104.25.246.45,4,4,0.00,189.89,0.00,N/A
162.159.134.230,4,4,0.00,190.07,0.00,N/A
162.159.24.100,4,4,0.00,190.33,0.00,N/A
162.159.35.108,4,4,0.00,190.40,0.00,N/A
104.27.79.160,4,4,0.00,190.71,0.00,N/A
104.20.49.67,4,4,0.00,190.72,0.00,N/A
108.162.194.123,4,4,0.00,191.00,0.00,N/A
162.159.8.203,4,4,0.00,191.42,0.00,N/A
162.159.201.249,4,4,0.00,191.52,0.00,N/A
162.159.248.233,4,4,0.00,191.93,0.00,N/A
141.101.123.63,4,4,0.00,191.96,0.00,N/A
162.159.241.184,4,4,0.00,192.08,0.00,N/A
104.20.29.151,4,4,0.00,192.41,0.00,N/A
104.16.60.58,4,4,0.00,192.47,0.00,N/A
104.21.116.225,4,4,0.00,192.47,0.00,N/A
172.67.134.202,4,4,0.00,193.09,0.00,N/A
162.159.46.26,4,4,0.00,193.11,0.00,N/A
104.25.54.128,4,4,0.00,193.39,0.00,N/A
162.159.199.13,4,4,0.00,193.41,0.00,N/A
141.101.113.208,4,4,0.00,193.42,0.00,N/A
104.25.156.110,4,4,0.00,194.05,0.00,N/A
104.21.72.217,4,4,0.00,194.07,0.00,N/A
104.16.49.196,4,4,0.00,194.22,0.00,N/A
172.67.212.212,4,4,0.00,194.24,0.00,N/A
190.93.247.112,4,4,0.00,194.58,0.00,N/A
104.21.234.55,4,4,0.00,194.67,0.00,N/A
190.93.245.154,4,4,0.00,194.73,0.00,N/A
104.16.46.192,4,4,0.00,194.75,0.00,N/A
104.21.104.214,4,4,0.00,194.76,0.00,N/A
104.27.85.76,4,4,0.00,195.02,0.00,N/A
104.16.77.115,4,4,0.00,195.11,0.00,N/A
104.16.43.210,4,4,0.00,195.15,0.00,N/A
104.16.78.6,4,4,0.00,195.43,0.00,N/A
104.21.4.203,4,4,0.00,195.56,0.00,N/A
104.27.23.34,4,4,0.00,195.97,0.00,N/A
162.159.33.29,4,4,0.00,195.97,0.00,N/A
104.24.82.89,4,4,0.00,196.04,0.00,N/A
162.159.25.130,4,4,0.00,196.27,0.00,N/A
104.16.56.16,4,4,0.00,196.40,0.00,N/A
162.159.7.89,4,4,0.00,196.50,0.00,N/A
162.159.143.47,4,4,0.00,196.59,0.00,N/A
162.159.57.33,4,4,0.00,196.63,0.00,N/A
162.159.5.119,4,4,0.00,197.18,0.00,N/A
104.21.5.26,4,4,0.00,197.28,0.00,N/A
162.159.34.37,4,4,0.00,197.39,0.00,N/A
104.21.95.156,4,4,0.00,197.40,0.00,N/A
104.16.44.83,4,4,0.00,197.52,0.00,N/A
104.21.24.225,4,4,0.00,198.01,0.00,N/A
104.16.40.109,4,4,0.00,198.29,0.00,N/A
172.65.165.188,4,4,0.00,198.62,0.00,N/A
162.159.16.213,4,4,0.00,198.70,0.00,N/A
104.21.87.58,4,4,0.00,198.83,0.00,N/A
104.21.75.243,4,4,0.00,198.92,0.00,N/A
104.21.44.188,4,4,0.00,199.14,0.00,N/A
104.21.106.125,4,4,0.00,199.16,0.00,N/A
104.25.248.113,4,4,0.00,199.22,0.00,N/A
162.159.207.57,4,4,0.00,199.48,0.00,N/A
104.21.13.31,4,4,0.00,199.58,0.00,N/A
104.21.97.102,4,4,0.00,199.93,0.00,N/A
104.20.41.209,4,4,0.00,200.02,0.00,N/A
104.16.66.108,4,4,0.00,200.23,0.00,N/A
104.20.2.82,4,4,0.00,200.33,0.00,N/A
172.64.92.84,4,4,0.00,200.34,0.00,N/A
104.21.34.237,4,4,0.00,200.49,0.00,N/A
104.16.9.117,4,4,0.00,200.74,0.00,N/A
104.16.6.56,4,4,0.00,200.96,0.00,N/A
172.66.151.219,4,4,0.00,200.98,0.00,N/A
162.159.141.250,4,4,0.00,201.07,0.00,N/A
162.159.239.16,4,4,0.00,201.11,0.00,N/A
104.21.232.174,4,4,0.00,201.12,0.00,N/A
104.21.69.77,4,4,0.00,201.13,0.00,N/A
190.93.244.100,4,4,0.00,201.18,0.00,N/A
108.162.193.183,4,4,0.00,201.45,0.00,N/A
172.65.0.238,4,4,0.00,201.48,0.00,N/A
104.24.254.3,4,4,0.00,201.98,0.00,N/A
104.21.110.131,4,4,0.00,201.99,0.00,N/A
104.21.96.248,4,4,0.00,202.15,0.00,N/A
104.16.61.191,4,4,0.00,202.47,0.00,N/A
104.16.15.215,4,4,0.00,202.75,0.00,N/A
162.159.21.80,4,4,0.00,203.06,0.00,N/A
162.159.40.230,4,4,0.00,203.18,0.00,N/A
104.25.70.235,4,4,0.00,203.21,0.00,N/A
104.25.67.45,4,4,0.00,203.33,0.00,N/A
172.67.64.191,4,4,0.00,203.63,0.00,N/A
104.25.214.24,4,4,0.00,203.84,0.00,N/A
198.41.215.185,4,4,0.00,203.86,0.00,N/A
104.16.76.60,4,4,0.00,203.87,0.00,N/A
162.159.130.102,4,4,0.00,204.03,0.00,N/A
172.65.118.151,4,4,0.00,204.41,0.00,N/A
104.21.1.19,4,4,0.00,205.08,0.00,N/A
172.66.141.77,4,4,0.00,205.27,0.00,N/A
104.21.98.76,4,4,0.00,205.71,0.00,N/A
104.26.2.188,4,4,0.00,205.74,0.00,N/A
104.24.190.119,4,4,0.00,205.83,0.00,N/A
104.20.52.162,4,4,0.00,205.87,0.00,N/A
104.25.210.200,4,4,0.00,205.91,0.00,N/A
104.24.57.150,4,4,0.00,206.04,0.00,N/A
104.27.27.47,4,4,0.00,206.18,0.00,N/A
104.21.11.205,4,4,0.00,206.21,0.00,N/A
104.21.117.37,4,4,0.00,206.34,0.00,N/A
104.21.51.75,4,4,0.00,206.62,0.00,N/A
104.21.16.158,4,4,0.00,206.94,0.00,N/A
162.159.140.220,4,4,0.00,207.47,0.00,N/A
162.159.237.19,4,4,0.00,207.78,0.00,N/A
104.25.150.164,4,4,0.00,208.64,0.00,N/A
104.16.68.53,4,4,0.00,208.94,0.00,N/A
104.16.81.226,4,4,0.00,209.07,0.00,N/A
104.21.216.57,4,4,0.00,209.39,0.00,N/A
104.21.57.120,4,4,0.00,209.40,0.00,N/A
104.24.91.163,4,4,0.00,209.49,0.00,N/A
104.20.62.50,4,4,0.00,209.49,0.00,N/A
104.21.120.79,4,4,0.00,209.60,0.00,N/A
104.16.25.176,4,4,0.00,209.60,0.00,N/A
104.21.0.9,4,4,0.00,209.60,0.00,N/A
104.21.100.0,4,4,0.00,209.74,0.00,N/A
104.16.104.101,4,4,0.00,209.95,0.00,N/A
162.159.193.200,4,4,0.00,209.99,0.00,N/A
104.24.4.173,4,4,0.00,210.15,0.00,N/A
104.21.9.89,4,4,0.00,210.22,0.00,N/A
104.21.28.162,4,4,0.00,210.32,0.00,N/A
104.21.10.191,4,4,0.00,210.39,0.00,N/A
104.21.94.84,4,4,0.00,210.78,0.00,N/A
104.24.199.194,4,4,0.00,211.09,0.00,N/A
162.159.59.164,4,4,0.00,211.21,0.00,N/A
104.16.19.16,4,4,0.00,211.29,0.00,N/A
104.24.167.50,4,4,0.00,211.43,0.00,N/A
162.159.56.107,4,4,0.00,211.47,0.00,N/A
104.16.22.110,4,4,0.00,211.65,0.00,N/A
104.16.250.86,4,4,0.00,211.71,0.00,N/A
104.27.207.121,4,4,0.00,211.83,0.00,N/A
104.16.2.16,4,4,0.00,211.91,0.00,N/A
104.16.62.251,4,4,0.00,212.04,0.00,N/A
104.16.59.225,4,4,0.00,212.10,0.00,N/A
162.159.58.157,4,4,0.00,213.04,0.00,N/A
172.67.206.246,4,4,0.00,213.56,0.00,N/A
104.25.247.99,4,4,0.00,213.63,0.00,N/A
162.159.205.250,4,4,0.00,214.09,0.00,N/A
104.16.108.77,4,4,0.00,214.31,0.00,N/A
104.16.75.85,4,4,0.00,214.43,0.00,N/A
104.16.119.65,4,4,0.00,214.55,0.00,N/A
104.16.27.228,4,4,0.00,214.58,0.00,N/A
104.21.105.135,4,4,0.00,214.59,0.00,N/A
108.162.196.24,4,4,0.00,214.87,0.00,N/A
104.21.12.240,4,4,0.00,215.02,0.00,N/A
104.19.195.143,4,4,0.00,215.11,0.00,N/A
104.16.74.153,4,4,0.00,215.20,0.00,N/A
104.21.101.12,4,4,0.00,215.29,0.00,N/A
162.159.194.34,4,4,0.00,215.49,0.00,N/A
104.16.128.55,4,4,0.00,215.52,0.00,N/A
104.16.127.241,4,4,0.00,215.52,0.00,N/A
162.159.51.50,4,4,0.00,215.54,0.00,N/A
104.20.37.42,4,4,0.00,215.54,0.00,N/A
141.101.90.231,4,4,0.00,215.80,0.00,N/A
104.19.208.6,4,4,0.00,215.96,0.00,N/A
198.41.209.150,4,4,0.00,216.50,0.00,N/A
198.41.222.204,4,4,0.00,216.63,0.00,N/A
162.159.36.43,4,4,0.00,216.67,0.00,N/A
104.24.201.218,4,4,0.00,216.73,0.00,N/A
162.159.26.121,4,4,0.00,217.14,0.00,N/A
104.27.40.171,4,4,0.00,217.23,0.00,N/A
104.21.32.190,4,4,0.00,217.29,0.00,N/A
104.27.193.131,4,4,0.00,217.65,0.00,N/A
198.41.214.167,4,4,0.00,217.78,0.00,N/A
198.41.202.127,4,4,0.00,218.01,0.00,N/A
104.27.28.78,4,4,0.00,218.06,0.00,N/A
172.65.22.93,4,4,0.00,218.06,0.00,N/A
162.159.41.154,4,4,0.00,218.06,0.00,N/A
188.114.96.50,4,4,0.00,218.06,0.00,N/A
188.114.99.168,4,4,0.00,218.06,0.00,N/A
188.114.98.11,4,4,0.00,218.33,0.00,N/A
172.65.1.253,4,4,0.00,218.46,0.00,N/A
104.16.111.172,4,4,0.00,219.08,0.00,N/A
104.16.53.83,4,4,0.00,219.58,0.00,N/A
104.16.13.42,4,4,0.00,219.64,0.00,N/A
108.162.192.78,4,4,0.00,219.65,0.00,N/A
104.16.124.80,4,4,0.00,219.68,0.00,N/A
104.16.67.225,4,4,0.00,219.77,0.00,N/A
162.159.153.21,4,4,0.00,219.83,0.00,N/A
104.16.88.90,4,4,0.00,219.88,0.00,N/A
162.159.137.202,4,4,0.00,219.96,0.00,N/A
104.16.71.69,4,4,0.00,220.20,0.00,N/A
104.16.26.123,4,4,0.00,220.89,0.00,N/A
104.16.180.69,4,4,0.00,220.95,0.00,N/A
104.16.183.104,4,4,0.00,221.27,0.00,N/A
104.16.17.119,4,4,0.00,221.50,0.00,N/A
104.16.117.180,4,4,0.00,221.86,0.00,N/A
104.16.47.56,4,4,0.00,221.91,0.00,N/A
104.20.39.147,4,4,0.00,222.18,0.00,N/A
173.245.59.192,4,4,0.00,222.18,0.00,N/A
162.159.135.185,4,4,0.00,222.26,0.00,N/A
104.16.99.47,4,4,0.00,222.58,0.00,N/A
104.16.93.189,4,4,0.00,222.61,0.00,N/A
104.16.115.187,4,4,0.00,222.98,0.00,N/A
104.16.116.211,4,4,0.00,222.98,0.00,N/A
104.16.96.227,4,4,0.00,223.20,0.00,N/A
172.67.192.38,4,4,0.00,223.21,0.00,N/A
104.24.146.219,4,4,0.00,223.68,0.00,N/A
198.41.218.14,4,4,0.00,223.75,0.00,N/A
104.16.83.20,4,4,0.00,223.95,0.00,N/A
162.159.15.144,4,4,0.00,224.02,0.00,N/A
198.41.204.216,4,4,0.00,224.12,0.00,N/A
104.21.64.68,4,4,0.00,224.15,0.00,N/A
104.25.69.188,4,4,0.00,224.28,0.00,N/A
104.16.1.201,4,4,0.00,224.32,0.00,N/A
104.16.167.47,4,4,0.00,224.46,0.00,N/A
162.159.209.7,4,4,0.00,224.52,0.00,N/A
104.24.50.87,4,4,0.00,224.60,0.00,N/A
104.20.20.183,4,4,0.00,224.97,0.00,N/A
198.41.205.237,4,4,0.00,225.00,0.00,N/A
104.20.3.241,4,4,0.00,225.10,0.00,N/A
104.16.113.248,4,4,0.00,225.12,0.00,N/A
162.159.142.211,4,4,0.00,225.16,0.00,N/A
104.16.92.125,4,4,0.00,225.23,0.00,N/A
104.19.189.145,4,4,0.00,225.34,0.00,N/A
172.65.207.92,4,4,0.00,225.36,0.00,N/A
104.25.119.226,4,4,0.00,225.36,0.00,N/A
108.162.199.60,4,4,0.00,225.57,0.00,N/A
104.25.149.205,4,4,0.00,225.63,0.00,N/A
104.27.44.242,4,4,0.00,225.70,0.00,N/A
104.16.55.101,4,4,0.00,225.74,0.00,N/A
104.20.30.158,4,4,0.00,225.77,0.00,N/A
104.27.12.150,4,4,0.00,225.92,0.00,N/A
104.25.180.117,4,4,0.00,225.95,0.00,N/A
104.16.126.30,4,4,0.00,225.96,0.00,N/A
104.21.68.94,4,4,0.00,226.02,0.00,N/A
104.26.0.5,4,4,0.00,226.28,0.00,N/A
104.16.129.22,4,4,0.00,226.32,0.00,N/A
104.24.6.102,4,4,0.00,226.66,0.00,N/A
104.20.46.215,4,4,0.00,226.94,0.00,N/A
104.20.43.137,4,4,0.00,227.09,0.00,N/A
162.159.13.60,4,4,0.00,227.11,0.00,N/A
162.159.22.98,4,4,0.00,227.11,0.00,N/A
104.16.24.148,4,4,0.00,227.69,0.00,N/A
162.159.0.21,4,4,0.00,227.77,0.00,N/A
162.159.133.159,4,4,0.00,227.90,0.00,N/A
172.67.78.115,4,4,0.00,228.16,0.00,N/A
104.16.94.234,4,4,0.00,228.41,0.00,N/A
162.159.128.164,4,4,0.00,228.49,0.00,N/A
104.24.80.189,4,4,0.00,228.61,0.00,N/A
104.16.103.50,4,4,0.00,228.63,0.00,N/A
104.16.112.98,4,4,0.00,228.67,0.00,N/A
104.25.249.66,4,4,0.00,228.71,0.00,N/A
104.27.29.230,4,4,0.00,228.83,0.00,N/A
104.16.125.98,4,4,0.00,228.91,0.00,N/A
108.162.198.78,4,4,0.00,229.01,0.00,N/A
104.16.137.16,4,4,0.00,229.13,0.00,N/A
104.16.20.237,4,4,0.00,229.13,0.00,N/A
104.16.240.52,4,4,0.00,229.16,0.00,N/A
104.16.160.61,4,4,0.00,229.32,0.00,N/A
104.16.89.157,4,4,0.00,229.33,0.00,N/A
104.16.219.34,4,4,0.00,229.42,0.00,N/A
198.41.216.121,4,4,0.00,229.92,0.00,N/A
104.24.8.251,4,4,0.00,229.99,0.00,N/A
104.24.51.241,4,4,0.00,230.13,0.00,N/A
104.16.123.246,4,4,0.00,230.24,0.00,N/A
162.159.2.131,4,4,0.00,230.25,0.00,N/A
104.16.179.104,4,4,0.00,230.29,0.00,N/A
162.159.233.118,4,4,0.00,230.32,0.00,N/A
104.16.136.79,4,4,0.00,230.35,0.00,N/A
104.16.21.211,4,4,0.00,230.36,0.00,N/A
104.25.148.201,4,4,0.00,230.39,0.00,N/A
104.20.22.252,4,4,0.00,230.81,0.00,N/A
162.159.196.69,4,4,0.00,231.05,0.00,N/A
104.16.152.146,4,4,0.00,231.05,0.00,N/A
162.159.238.162,4,4,0.00,231.10,0.00,N/A
104.19.179.99,4,4,0.00,231.15,0.00,N/A
162.159.6.34,4,4,0.00,231.16,0.00,N/A
198.41.197.61,4,4,0.00,231.26,0.00,N/A
104.26.8.231,4,4,0.00,231.53,0.00,N/A
162.159.23.180,4,4,0.00,232.00,0.00,N/A
104.16.244.17,4,4,0.00,232.10,0.00,N/A
104.27.121.76,4,4,0.00,232.28,0.00,N/A
198.41.193.124,4,4,0.00,232.44,0.00,N/A
104.16.91.102,4,4,0.00,232.74,0.00,N/A
104.16.31.227,4,4,0.00,232.90,0.00,N/A
162.159.43.49,4,4,0.00,233.03,0.00,N/A
104.16.141.254,4,4,0.00,233.09,0.00,N/A
104.16.120.131,4,4,0.00,233.38,0.00,N/A
104.16.121.243,4,4,0.00,233.49,0.00,N/A
104.16.118.37,4,4,0.00,233.57,0.00,N/A
104.25.250.78,4,4,0.00,233.84,0.00,N/A
188.114.97.253,4,4,0.00,234.22,0.00,N/A
104.25.163.93,4,4,0.00,234.55,0.00,N/A
104.16.107.218,4,4,0.00,234.62,0.00,N/A
104.17.56.160,4,4,0.00,235.25,0.00,N/A
162.159.129.160,4,4,0.00,235.78,0.00,N/A
104.17.47.78,4,4,0.00,236.00,0.00,N/A
104.16.197.64,4,4,0.00,236.22,0.00,N/A
104.17.54.125,4,4,0.00,236.44,0.00,N/A
104.17.67.64,4,4,0.00,236.47,0.00,N/A
104.16.171.225,4,4,0.00,236.94,0.00,N/A
104.16.50.35,4,4,0.00,237.19,0.00,N/A
104.16.51.176,4,4,0.00,237.19,0.00,N/A
162.159.32.37,4,4,0.00,238.09,0.00,N/A
172.65.198.55,4,4,0.00,238.17,0.00,N/A
104.24.59.138,4,4,0.00,238.27,0.00,N/A
104.29.125.49,4,4,0.00,238.42,0.00,N/A
104.24.3.84,4,4,0.00,238.47,0.00,N/A
162.159.232.185,4,4,0.00,239.00,0.00,N/A
104.16.245.14,4,4,0.00,239.38,0.00,N/A
104.16.227.78,4,4,0.00,239.39,0.00,N/A
104.16.102.30,4,4,0.00,239.57,0.00,N/A
104.16.169.234,4,4,0.00,239.70,0.00,N/A
104.25.142.135,4,4,0.00,240.07,0.00,N/A
162.159.138.13,4,4,0.00,240.17,0.00,N/A
104.16.158.15,4,4,0.00,240.20,0.00,N/A
162.159.42.185,4,4,0.00,240.21,0.00,N/A
104.16.223.241,4,4,0.00,240.76,0.00,N/A
104.16.235.95,4,4,0.00,241.08,0.00,N/A
104.16.109.190,4,4,0.00,241.37,0.00,N/A
172.64.34.57,4,4,0.00,241.95,0.00,N/A
104.17.18.186,4,4,0.00,242.13,0.00,N/A
104.24.47.160,4,4,0.00,242.19,0.00,N/A
104.16.172.97,4,4,0.00,242.53,0.00,N/A
104.16.122.142,4,4,0.00,242.54,0.00,N/A
162.159.14.157,4,4,0.00,242.68,0.00,N/A
198.41.223.223,4,4,0.00,243.34,0.00,N/A
104.16.82.216,4,4,0.00,243.90,0.00,N/A
104.25.154.187,4,4,0.00,244.07,0.00,N/A
104.16.64.109,4,4,0.00,244.20,0.00,N/A
104.16.195.51,4,4,0.00,244.47,0.00,N/A
104.17.50.189,4,4,0.00,244.53,0.00,N/A
162.159.152.111,4,4,0.00,245.63,0.00,N/A
104.16.58.99,4,4,0.00,245.71,0.00,N/A
162.159.136.84,4,4,0.00,245.89,0.00,N/A
104.16.90.46,4,4,0.00,246.43,0.00,N/A
104.16.165.28,4,4,0.00,246.81,0.00,N/A
104.19.186.175,4,4,0.00,246.87,0.00,N/A
104.16.161.192,4,4,0.00,246.94,0.00,N/A
104.16.138.165,4,4,0.00,247.02,0.00,N/A
104.16.144.205,4,4,0.00,247.14,0.00,N/A
104.16.159.103,4,4,0.00,247.18,0.00,N/A
104.17.4.162,4,4,0.00,247.56,0.00,N/A
104.16.220.243,4,4,0.00,247.92,0.00,N/A
104.25.95.217,4,4,0.00,248.07,0.00,N/A
104.16.168.142,4,4,0.00,248.34,0.00,N/A
104.17.63.145,4,4,0.00,248.57,0.00,N/A
104.16.215.248,4,4,0.00,248.82,0.00,N/A
104.19.229.76,4,4,0.00,248.89,0.00,N/A
104.16.218.44,4,4,0.00,248.92,0.00,N/A
104.16.45.34,4,4,0.00,248.99,0.00,N/A
104.16.4.103,4,4,0.00,249.15,0.00,N/A
104.19.199.186,4,4,0.00,249.32,0.00,N/A
104.17.30.113,4,4,0.00,249.39,0.00,N/A
104.16.166.17,4,4,0.00,249.48,0.00,N/A
104.16.214.20,4,4,0.00,249.58,0.00,N/A
104.16.153.225,4,4,0.00,249.83,0.00,N/A
104.16.135.91,4,4,0.00,249.94,0.00,N/A
104.16.79.133,4,4,0.00,249.94,0.00,N/A
104.16.213.73,4,4,0.00,249.94,0.00,N/A
104.16.186.138,4,4,0.00,250.46,0.00,N/A
104.16.187.202,4,4,0.00,250.59,0.00,N/A
104.16.237.72,4,4,0.00,250.75,0.00,N/A
104.16.100.145,4,4,0.00,251.03,0.00,N/A
104.16.232.203,4,4,0.00,251.27,0.00,N/A
104.16.156.81,4,4,0.00,251.47,0.00,N/A
104.16.110.65,4,4,0.00,251.49,0.00,N/A
104.16.149.161,4,4,0.00,251.76,0.00,N/A
104.16.199.80,4,4,0.00,252.11,0.00,N/A
104.16.196.204,4,4,0.00,252.61,0.00,N/A
104.16.224.165,4,4,0.00,253.49,0.00,N/A
104.17.40.44,4,4,0.00,253.62,0.00,N/A
104.17.22.86,4,4,0.00,254.23,0.00,N/A
104.17.69.254,4,4,0.00,254.24,0.00,N/A
104.16.211.54,4,4,0.00,254.29,0.00,N/A
104.17.46.226,4,4,0.00,254.62,0.00,N/A
162.159.212.130,4,4,0.00,255.48,0.00,N/A
104.16.18.120,4,4,0.00,255.58,0.00,N/A
104.16.206.180,4,4,0.00,255.88,0.00,N/A
104.16.84.21,4,4,0.00,255.93,0.00,N/A
104.16.177.30,4,4,0.00,256.51,0.00,N/A
104.16.95.93,4,4,0.00,256.53,0.00,N/A
104.16.105.154,4,4,0.00,256.54,0.00,N/A
104.19.202.94,4,4,0.00,256.90,0.00,N/A
104.17.35.28,4,4,0.00,257.19,0.00,N/A
104.17.10.69,4,4,0.00,257.22,0.00,N/A
104.17.95.28,4,4,0.00,257.27,0.00,N/A
104.16.203.12,4,4,0.00,257.27,0.00,N/A
104.17.92.114,4,4,0.00,257.49,0.00,N/A
104.17.44.16,4,4,0.00,257.56,0.00,N/A
104.16.249.216,4,4,0.00,257.63,0.00,N/A
104.16.252.194,4,4,0.00,258.02,0.00,N/A
104.16.181.10,4,4,0.00,258.45,0.00,N/A
162.159.18.129,4,4,0.00,258.48,0.00,N/A
104.16.147.138,4,4,0.00,258.51,0.00,N/A
162.159.12.224,4,4,0.00,258.98,0.00,N/A
104.17.3.188,4,4,0.00,259.19,0.00,N/A
104.16.239.216,4,4,0.00,259.46,0.00,N/A
162.159.17.119,4,4,0.00,259.48,0.00,N/A
104.16.246.101,4,4,0.00,259.97,0.00,N/A
104.16.188.177,4,4,0.00,260.44,0.00,N/A
104.16.222.85,4,4,0.00,260.74,0.00,N/A
104.16.236.100,4,4,0.00,261.00,0.00,N/A
104.16.142.118,4,4,0.00,261.16,0.00,N/A
104.19.219.113,4,4,0.00,261.57,0.00,N/A
104.16.185.86,4,4,0.00,261.61,0.00,N/A
104.17.28.192,4,4,0.00,261.77,0.00,N/A
104.16.234.144,4,4,0.00,261.99,0.00,N/A
104.17.53.236,4,4,0.00,262.19,0.00,N/A
104.16.132.166,4,4,0.00,262.32,0.00,N/A
162.159.9.117,4,4,0.00,262.49,0.00,N/A
104.16.34.42,4,4,0.00,262.92,0.00,N/A
104.16.194.52,4,4,0.00,263.00,0.00,N/A
104.17.52.76,4,4,0.00,263.22,0.00,N/A
104.17.91.24,4,4,0.00,263.88,0.00,N/A
104.16.98.168,4,4,0.00,264.26,0.00,N/A
104.16.151.87,4,4,0.00,264.64,0.00,N/A
104.17.60.113,4,4,0.00,264.68,0.00,N/A
104.17.21.136,4,4,0.00,264.83,0.00,N/A
104.17.37.253,4,4,0.00,264.92,0.00,N/A
104.16.130.168,4,4,0.00,265.03,0.00,N/A
104.17.90.71,4,4,0.00,265.62,0.00,N/A
104.16.139.26,4,4,0.00,265.73,0.00,N/A
104.16.204.45,4,4,0.00,265.74,0.00,N/A
104.17.59.67,4,4,0.00,266.32,0.00,N/A
104.16.42.174,4,4,0.00,266.88,0.00,N/A
104.17.74.184,4,4,0.00,266.93,0.00,N/A
104.16.143.98,4,4,0.00,267.04,0.00,N/A
162.159.10.114,4,4,0.00,267.08,0.00,N/A
104.17.78.171,4,4,0.00,267.56,0.00,N/A
104.16.106.247,4,4,0.00,267.58,0.00,N/A
104.16.140.243,4,4,0.00,267.59,0.00,N/A
104.16.176.169,4,4,0.00,267.83,0.00,N/A
104.16.182.153,4,4,0.00,267.87,0.00,N/A
104.16.207.247,4,4,0.00,268.07,0.00,N/A
162.159.20.210,4,4,0.00,268.19,0.00,N/A
162.159.198.89,4,4,0.00,268.66,0.00,N/A
104.16.192.153,4,4,0.00,268.86,0.00,N/A
104.17.26.20,4,4,0.00,269.11,0.00,N/A
104.17.11.90,4,4,0.00,269.15,0.00,N/A
104.16.134.116,4,4,0.00,269.92,0.00,N/A
104.16.229.106,4,4,0.00,270.96,0.00,N/A
104.19.175.113,4,4,0.00,271.54,0.00,N/A
104.16.251.82,4,4,0.00,272.61,0.00,N/A
104.16.101.125,4,4,0.00,272.76,0.00,N/A
104.17.62.82,4,4,0.00,272.98,0.00,N/A
104.17.24.156,4,4,0.00,273.00,0.00,N/A
104.16.97.206,4,4,0.00,273.43,0.00,N/A
104.17.33.131,4,4,0.00,273.55,0.00,N/A
104.17.43.190,4,4,0.00,273.60,0.00,N/A
104.17.45.137,4,4,0.00,273.61,0.00,N/A
104.17.49.243,4,4,0.00,273.70,0.00,N/A
104.16.131.174,4,4,0.00,274.42,0.00,N/A
104.17.93.120,4,4,0.00,274.75,0.00,N/A
104.17.1.250,4,4,0.00,274.83,0.00,N/A
104.17.17.229,4,4,0.00,274.89,0.00,N/A
104.17.2.92,4,4,0.00,275.78,0.00,N/A
104.17.12.62,4,4,0.00,275.91,0.00,N/A
104.17.7.50,4,4,0.00,276.00,0.00,N/A
104.17.14.205,4,4,0.00,276.61,0.00,N/A
104.16.162.187,4,4,0.00,277.05,0.00,N/A
104.16.247.141,4,4,0.00,277.96,0.00,N/A
104.16.208.230,4,4,0.00,278.07,0.00,N/A
104.17.58.134,4,4,0.00,278.14,0.00,N/A
190.93.246.215,4,4,0.00,278.23,0.00,N/A
104.17.82.118,4,4,0.00,278.64,0.00,N/A
104.16.155.229,4,4,0.00,279.53,0.00,N/A
104.16.170.38,4,4,0.00,279.79,0.00,N/A
104.17.57.94,4,4,0.00,280.36,0.00,N/A
104.16.157.216,4,4,0.00,280.44,0.00,N/A
104.17.48.48,4,4,0.00,280.99,0.00,N/A
104.17.41.212,4,4,0.00,281.60,0.00,N/A
104.17.72.6,4,4,0.00,281.90,0.00,N/A
104.17.25.49,4,4,0.00,282.24,0.00,N/A
104.17.36.109,4,4,0.00,282.42,0.00,N/A
104.17.115.124,4,4,0.00,282.83,0.00,N/A
104.17.9.233,4,4,0.00,283.14,0.00,N/A
104.17.38.58,4,4,0.00,283.46,0.00,N/A
104.16.85.221,4,4,0.00,283.55,0.00,N/A
104.16.253.71,4,4,0.00,283.76,0.00,N/A
104.17.8.11,4,4,0.00,284.42,0.00,N/A
104.17.61.155,4,4,0.00,284.67,0.00,N/A
104.16.150.39,4,4,0.00,285.20,0.00,N/A
104.16.148.72,4,4,0.00,285.33,0.00,N/A
104.16.178.126,4,4,0.00,286.15,0.00,N/A
104.16.200.198,4,4,0.00,286.99,0.00,N/A
104.16.173.179,4,4,0.00,287.24,0.00,N/A
104.16.210.180,4,4,0.00,287.82,0.00,N/A
104.17.80.128,4,4,0.00,288.16,0.00,N/A
104.17.116.0,4,4,0.00,288.99,0.00,N/A
104.16.198.234,4,4,0.00,289.44,0.00,N/A
104.17.123.235,4,4,0.00,289.46,0.00,N/A
104.16.80.253,4,4,0.00,289.56,0.00,N/A
198.41.206.173,4,4,0.00,289.68,0.00,N/A
104.16.216.252,4,4,0.00,289.77,0.00,N/A
104.17.39.41,4,4,0.00,290.81,0.00,N/A
104.16.52.198,4,4,0.00,291.05,0.00,N/A
104.16.72.124,4,4,0.00,291.38,0.00,N/A
104.16.212.182,4,4,0.00,291.99,0.00,N/A
104.16.230.57,4,4,0.00,292.22,0.00,N/A
104.16.184.81,4,4,0.00,292.25,0.00,N/A
104.17.70.183,4,4,0.00,292.40,0.00,N/A
104.17.66.45,4,4,0.00,292.70,0.00,N/A
104.16.193.115,4,4,0.00,293.02,0.00,N/A
104.17.55.118,4,4,0.00,293.76,0.00,N/A
104.19.146.50,4,4,0.00,293.78,0.00,N/A
104.17.107.16,4,4,0.00,293.80,0.00,N/A
104.17.94.175,4,4,0.00,293.82,0.00,N/A
104.17.15.112,4,4,0.00,293.94,0.00,N/A
104.17.111.65,4,4,0.00,294.48,0.00,N/A
104.16.164.218,4,4,0.00,294.61,0.00,N/A
104.17.88.20,4,4,0.00,295.52,0.00,N/A
104.17.79.139,4,4,0.00,295.53,0.00,N/A
104.17.16.180,4,4,0.00,295.81,0.00,N/A
104.16.255.89,4,4,0.00,295.97,0.00,N/A
104.17.13.25,4,4,0.00,296.15,0.00,N/A
104.17.77.163,4,4,0.00,296.57,0.00,N/A
104.17.51.50,4,4,0.00,296.76,0.00,N/A
104.19.149.207,4,4,0.00,298.40,0.00,N/A
104.19.135.167,4,4,0.00,298.52,0.00,N/A
104.16.191.249,4,4,0.00,299.45,0.00,N/A
104.17.119.3,4,4,0.00,300.52,0.00,N/A
104.17.135.12,4,4,0.00,300.66,0.00,N/A
104.16.225.117,4,4,0.00,300.67,0.00,N/A
104.16.228.237,4,4,0.00,301.17,0.00,N/A
104.17.5.51,4,4,0.00,301.68,0.00,N/A
104.16.202.236,4,4,0.00,302.12,0.00,N/A
104.16.231.219,4,4,0.00,302.14,0.00,N/A
104.16.221.172,4,4,0.00,302.20,0.00,N/A
104.17.23.163,4,4,0.00,303.06,0.00,N/A
162.159.3.202,4,4,0.00,303.53,0.00,N/A
104.19.144.81,4,4,0.00,303.61,0.00,N/A
104.16.254.212,4,4,0.00,304.71,0.00,N/A
104.16.238.205,4,4,0.00,305.03,0.00,N/A
104.16.145.36,4,4,0.00,307.24,0.00,N/A
104.17.167.154,4,4,0.00,309.10,0.00,N/A
104.16.217.188,4,4,0.00,309.83,0.00,N/A
104.16.190.238,4,4,0.00,309.91,0.00,N/A
104.17.65.73,4,4,0.00,309.98,0.00,N/A
104.17.109.28,4,4,0.00,309.99,0.00,N/A
104.17.172.163,4,4,0.00,310.71,0.00,N/A
104.17.131.117,4,4,0.00,310.72,0.00,N/A
104.17.27.87,4,4,0.00,310.93,0.00,N/A
104.17.151.223,4,4,0.00,310.97,0.00,N/A
104.17.100.139,4,4,0.00,313.28,0.00,N/A
104.17.114.50,4,4,0.00,314.67,0.00,N/A
104.17.113.101,4,4,0.00,314.97,0.00,N/A
104.17.6.0,4,4,0.00,315.08,0.00,N/A
104.16.163.66,4,4,0.00,315.53,0.00,N/A
104.19.122.210,4,4,0.00,316.62,0.00,N/A
104.17.137.188,4,4,0.00,316.94,0.00,N/A
104.17.141.233,4,4,0.00,317.21,0.00,N/A
104.16.243.148,4,4,0.00,317.73,0.00,N/A
104.16.154.236,4,4,0.00,318.01,0.00,N/A
104.17.121.95,4,4,0.00,318.16,0.00,N/A
104.17.101.182,4,4,0.00,320.61,0.00,N/A
104.17.176.51,4,4,0.00,322.15,0.00,N/A
104.17.184.160,4,4,0.00,322.15,0.00,N/A
104.17.181.44,4,4,0.00,322.15,0.00,N/A
104.17.190.129,4,4,0.00,322.48,0.00,N/A
104.17.99.58,4,4,0.00,322.96,0.00,N/A
104.17.89.219,4,4,0.00,323.08,0.00,N/A
104.17.19.242,4,4,0.00,323.11,0.00,N/A
104.17.247.169,4,4,0.00,323.45,0.00,N/A
104.17.180.101,4,4,0.00,323.49,0.00,N/A
104.19.121.126,4,4,0.00,323.90,0.00,N/A
104.19.112.242,4,4,0.00,323.91,0.00,N/A
104.19.118.187,4,4,0.00,323.95,0.00,N/A
104.16.189.237,4,4,0.00,324.51,0.00,N/A
104.17.76.219,4,4,0.00,325.43,0.00,N/A
104.17.87.243,4,4,0.00,325.92,0.00,N/A
104.17.86.80,4,4,0.00,325.94,0.00,N/A
104.17.161.239,4,4,0.00,325.96,0.00,N/A
104.17.83.127,4,4,0.00,325.99,0.00,N/A
104.17.29.232,4,4,0.00,325.99,0.00,N/A
104.17.139.130,4,4,0.00,326.21,0.00,N/A
104.17.154.53,4,4,0.00,326.76,0.00,N/A
104.19.110.204,4,4,0.00,326.90,0.00,N/A
104.17.112.85,4,4,0.00,327.33,0.00,N/A
104.17.156.38,4,4,0.00,327.50,0.00,N/A
104.19.109.237,4,4,0.00,327.73,0.00,N/A
104.17.138.165,4,4,0.00,327.89,0.00,N/A
104.19.106.196,4,4,0.00,328.27,0.00,N/A
104.17.34.9,4,4,0.00,329.10,0.00,N/A
104.17.166.26,4,4,0.00,329.24,0.00,N/A
104.19.100.123,4,4,0.00,329.60,0.00,N/A
104.17.214.91,4,4,0.00,330.02,0.00,N/A
104.19.96.93,4,4,0.00,330.03,0.00,N/A
104.19.105.105,4,4,0.00,330.06,0.00,N/A
104.17.185.171,4,4,0.00,330.26,0.00,N/A
104.19.98.43,4,4,0.00,330.27,0.00,N/A
104.17.163.106,4,4,0.00,330.40,0.00,N/A
104.18.50.137,4,4,0.00,330.43,0.00,N/A
104.19.94.238,4,4,0.00,330.63,0.00,N/A
104.17.96.179,4,4,0.00,331.39,0.00,N/A
104.18.147.45,4,4,0.00,332.00,0.00,N/A
104.17.228.85,4,4,0.00,332.05,0.00,N/A
104.17.200.227,4,4,0.00,332.33,0.00,N/A
104.17.238.92,4,4,0.00,333.04,0.00,N/A
104.17.103.207,4,4,0.00,334.17,0.00,N/A
104.16.242.78,4,4,0.00,334.18,0.00,N/A
104.17.84.95,4,4,0.00,334.27,0.00,N/A
104.16.86.131,4,4,0.00,334.88,0.00,N/A
104.17.128.202,4,4,0.00,335.65,0.00,N/A
104.17.155.110,4,4,0.00,336.75,0.00,N/A
104.18.89.233,4,4,0.00,336.82,0.00,N/A
104.18.90.102,4,4,0.00,336.91,0.00,N/A
104.17.110.79,4,4,0.00,337.02,0.00,N/A
104.18.114.18,4,4,0.00,337.13,0.00,N/A
104.18.111.157,4,4,0.00,337.39,0.00,N/A
104.17.124.107,4,4,0.00,337.41,0.00,N/A
104.17.126.167,4,4,0.00,337.43,0.00,N/A
104.18.122.50,4,4,0.00,337.48,0.00,N/A
104.19.101.249,4,4,0.00,338.08,0.00,N/A
104.19.102.167,4,4,0.00,338.20,0.00,N/A
104.18.113.45,4,4,0.00,338.42,0.00,N/A
104.19.92.21,4,4,0.00,338.65,0.00,N/A
104.18.158.240,4,4,0.00,339.49,0.00,N/A
104.17.158.109,4,4,0.00,339.50,0.00,N/A
104.19.93.170,4,4,0.00,339.74,0.00,N/A
104.17.202.137,4,4,0.00,340.02,0.00,N/A
104.17.132.109,4,4,0.00,340.13,0.00,N/A
104.17.133.191,4,4,0.00,340.71,0.00,N/A
104.17.173.218,4,4,0.00,340.73,0.00,N/A
104.17.222.222,4,4,0.00,340.91,0.00,N/A
104.17.218.110,4,4,0.00,340.92,0.00,N/A
104.18.151.149,4,4,0.00,340.98,0.00,N/A
104.19.103.203,4,4,0.00,341.03,0.00,N/A
104.17.201.119,4,4,0.00,341.19,0.00,N/A
104.17.186.14,4,4,0.00,341.31,0.00,N/A
104.17.189.158,4,4,0.00,341.33,0.00,N/A
104.17.213.79,4,4,0.00,341.52,0.00,N/A
104.17.199.90,4,4,0.00,341.53,0.00,N/A
104.17.235.136,4,4,0.00,341.64,0.00,N/A
104.17.118.51,4,4,0.00,341.74,0.00,N/A
104.17.104.73,4,4,0.00,342.66,0.00,N/A
104.17.31.199,4,4,0.00,342.88,0.00,N/A
104.18.166.118,4,4,0.00,343.15,0.00,N/A
104.18.44.83,4,4,0.00,343.16,0.00,N/A
104.19.99.114,4,4,0.00,344.15,0.00,N/A
104.18.16.222,4,4,0.00,344.53,0.00,N/A
104.19.78.47,4,4,0.00,344.82,0.00,N/A
104.18.31.169,4,4,0.00,345.89,0.00,N/A
104.17.75.18,4,4,0.00,345.97,0.00,N/A
104.19.97.167,4,4,0.00,346.28,0.00,N/A
104.18.193.220,4,4,0.00,346.35,0.00,N/A
104.18.112.148,4,4,0.00,346.95,0.00,N/A
104.18.103.2,4,4,0.00,346.96,0.00,N/A
104.19.90.130,4,4,0.00,347.02,0.00,N/A
104.18.56.196,4,4,0.00,347.15,0.00,N/A
104.18.52.62,4,4,0.00,347.69,0.00,N/A
104.17.157.27,4,4,0.00,347.98,0.00,N/A
104.17.20.101,4,4,0.00,348.11,0.00,N/A
104.17.129.7,4,4,0.00,348.12,0.00,N/A
104.18.174.160,4,4,0.00,348.20,0.00,N/A
104.18.176.199,4,4,0.00,348.33,0.00,N/A
104.18.115.28,4,4,0.00,348.37,0.00,N/A
104.19.91.85,4,4,0.00,348.48,0.00,N/A
104.19.85.93,4,4,0.00,348.49,0.00,N/A
104.18.208.176,4,4,0.00,348.49,0.00,N/A
104.17.122.1,4,4,0.00,348.49,0.00,N/A
104.18.137.227,4,4,0.00,348.52,0.00,N/A
104.18.139.211,4,4,0.00,348.77,0.00,N/A
104.18.105.122,4,4,0.00,348.85,0.00,N/A
104.18.133.191,4,4,0.00,348.92,0.00,N/A
104.18.110.207,4,4,0.00,348.95,0.00,N/A
104.18.97.145,4,4,0.00,349.13,0.00,N/A
104.18.84.121,4,4,0.00,349.19,0.00,N/A
104.19.86.66,4,4,0.00,349.37,0.00,N/A
104.19.81.92,4,4,0.00,349.40,0.00,N/A
104.19.95.229,4,4,0.00,349.51,0.00,N/A
104.18.98.28,4,4,0.00,349.98,0.00,N/A
104.17.234.122,4,4,0.00,349.99,0.00,N/A
104.18.204.147,4,4,0.00,350.00,0.00,N/A
104.18.128.226,4,4,0.00,350.10,0.00,N/A
104.17.64.114,4,4,0.00,350.13,0.00,N/A
104.18.163.253,4,4,0.00,350.16,0.00,N/A
104.18.152.129,4,4,0.00,350.34,0.00,N/A
104.17.197.95,4,4,0.00,350.50,0.00,N/A
104.18.149.87,4,4,0.00,350.58,0.00,N/A
104.18.165.219,4,4,0.00,350.87,0.00,N/A
104.17.175.100,4,4,0.00,351.17,0.00,N/A
104.17.239.88,4,4,0.00,351.61,0.00,N/A
104.18.65.159,4,4,0.00,351.72,0.00,N/A
104.18.58.207,4,4,0.00,351.77,0.00,N/A
104.18.162.132,4,4,0.00,351.78,0.00,N/A
104.17.204.33,4,4,0.00,351.88,0.00,N/A
104.18.28.162,4,4,0.00,352.16,0.00,N/A
104.17.194.217,4,4,0.00,352.27,0.00,N/A
104.17.178.96,4,4,0.00,352.29,0.00,N/A
104.19.65.45,4,4,0.00,352.54,0.00,N/A
104.19.80.213,4,4,0.00,352.83,0.00,N/A
104.18.12.96,4,4,0.00,352.92,0.00,N/A
104.18.32.58,4,4,0.00,353.02,0.00,N/A
104.18.11.51,4,4,0.00,353.62,0.00,N/A
104.18.5.72,4,4,0.00,353.74,0.00,N/A
104.18.185.77,4,4,0.00,353.92,0.00,N/A
104.18.34.116,4,4,0.00,354.64,0.00,N/A
104.18.71.183,4,4,0.00,354.71,0.00,N/A
104.18.27.163,4,4,0.00,354.71,0.00,N/A
104.18.24.0,4,4,0.00,354.91,0.00,N/A
104.18.221.64,4,4,0.00,355.10,0.00,N/A
104.18.186.233,4,4,0.00,355.21,0.00,N/A
104.17.130.229,4,4,0.00,355.26,0.00,N/A
104.18.15.3,4,4,0.00,355.61,0.00,N/A
104.18.180.72,4,4,0.00,355.83,0.00,N/A
104.19.89.194,4,4,0.00,355.92,0.00,N/A
104.17.140.19,4,4,0.00,356.00,0.00,N/A
104.17.134.133,4,4,0.00,356.12,0.00,N/A
104.18.239.44,4,4,0.00,356.35,0.00,N/A
104.18.79.225,4,4,0.00,356.44,0.00,N/A
104.17.142.123,4,4,0.00,356.54,0.00,N/A
104.18.23.232,4,4,0.00,356.59,0.00,N/A
104.18.70.191,4,4,0.00,356.63,0.00,N/A
104.18.123.8,4,4,0.00,356.70,0.00,N/A
104.18.211.46,4,4,0.00,356.85,0.00,N/A
104.18.124.18,4,4,0.00,356.89,0.00,N/A
104.19.59.86,4,4,0.00,356.89,0.00,N/A
104.18.214.33,4,4,0.00,356.93,0.00,N/A
104.18.101.24,4,4,0.00,356.94,0.00,N/A
104.18.87.34,4,4,0.00,357.06,0.00,N/A
104.18.189.15,4,4,0.00,357.14,0.00,N/A
104.18.100.127,4,4,0.00,357.16,0.00,N/A
104.18.95.141,4,4,0.00,357.20,0.00,N/A
104.18.169.23,4,4,0.00,357.23,0.00,N/A
104.18.175.107,4,4,0.00,357.28,0.00,N/A
104.18.135.33,4,4,0.00,357.71,0.00,N/A
104.17.160.55,4,4,0.00,357.88,0.00,N/A
104.18.188.107,4,4,0.00,357.95,0.00,N/A
104.19.83.44,4,4,0.00,358.02,0.00,N/A
104.18.108.194,4,4,0.00,358.03,0.00,N/A
104.18.121.197,4,4,0.00,358.11,0.00,N/A
104.18.1.157,4,4,0.00,358.15,0.00,N/A
104.18.216.79,4,4,0.00,358.15,0.00,N/A
104.18.77.21,4,4,0.00,358.25,0.00,N/A
104.18.107.20,4,4,0.00,358.26,0.00,N/A
104.18.109.71,4,4,0.00,358.26,0.00,N/A
104.17.240.45,4,4,0.00,358.32,0.00,N/A
104.18.213.22,4,4,0.00,358.36,0.00,N/A
104.18.91.121,4,4,0.00,358.38,0.00,N/A
104.18.116.142,4,4,0.00,358.49,0.00,N/A
104.18.167.132,4,4,0.00,358.51,0.00,N/A
104.17.216.214,4,4,0.00,358.62,0.00,N/A
104.17.225.77,4,4,0.00,358.63,0.00,N/A
104.17.221.242,4,4,0.00,358.65,0.00,N/A
104.18.227.242,4,4,0.00,358.71,0.00,N/A
104.18.131.82,4,4,0.00,358.78,0.00,N/A
104.18.220.22,4,4,0.00,358.87,0.00,N/A
104.17.248.241,4,4,0.00,359.04,0.00,N/A
104.18.85.245,4,4,0.00,359.07,0.00,N/A
104.17.164.26,4,4,0.00,359.08,0.00,N/A
104.17.183.211,4,4,0.00,359.20,0.00,N/A
104.17.243.16,4,4,0.00,359.40,0.00,N/A
104.18.126.127,4,4,0.00,359.47,0.00,N/A
104.18.192.178,4,4,0.00,359.54,0.00,N/A
104.18.157.142,4,4,0.00,359.57,0.00,N/A
104.19.76.132,4,4,0.00,359.64,0.00,N/A
104.18.118.122,4,4,0.00,359.66,0.00,N/A
104.18.45.112,4,4,0.00,359.68,0.00,N/A
104.18.161.218,4,4,0.00,359.68,0.00,N/A
104.18.60.210,4,4,0.00,359.95,0.00,N/A
104.18.18.5,4,4,0.00,359.99,0.00,N/A
104.18.146.184,4,4,0.00,360.17,0.00,N/A
104.18.203.219,4,4,0.00,360.35,0.00,N/A
104.17.203.178,4,4,0.00,360.51,0.00,N/A
104.19.71.177,4,4,0.00,360.59,0.00,N/A
104.18.129.0,4,4,0.00,360.64,0.00,N/A
104.19.6.224,4,4,0.00,360.67,0.00,N/A
104.17.153.236,4,4,0.00,360.76,0.00,N/A
104.18.153.192,4,4,0.00,360.82,0.00,N/A
104.18.225.134,4,4,0.00,360.84,0.00,N/A
104.18.49.239,4,4,0.00,360.85,0.00,N/A
104.17.233.137,4,4,0.00,360.86,0.00,N/A
104.19.60.221,4,4,0.00,360.97,0.00,N/A
104.18.143.167,4,4,0.00,361.12,0.00,N/A
104.17.195.146,4,4,0.00,361.14,0.00,N/A
104.19.3.139,4,4,0.00,361.14,0.00,N/A
104.17.251.224,4,4,0.00,361.17,0.00,N/A
104.19.2.112,4,4,0.00,361.48,0.00,N/A
104.19.45.215,4,4,0.00,361.51,0.00,N/A
104.19.73.85,4,4,0.00,361.65,0.00,N/A
104.16.248.231,4,4,0.00,361.73,0.00,N/A
104.18.155.223,4,4,0.00,361.89,0.00,N/A
104.18.218.110,4,4,0.00,362.04,0.00,N/A
104.18.141.171,4,4,0.00,362.08,0.00,N/A
104.18.30.85,4,4,0.00,362.11,0.00,N/A
104.18.249.48,4,4,0.00,362.28,0.00,N/A
104.19.62.226,4,4,0.00,362.48,0.00,N/A
104.19.61.41,4,4,0.00,362.58,0.00,N/A
104.18.21.180,4,4,0.00,362.62,0.00,N/A
104.19.70.204,4,4,0.00,362.63,0.00,N/A
104.18.136.103,4,4,0.00,362.67,0.00,N/A
104.18.144.172,4,4,0.00,362.84,0.00,N/A
104.18.184.57,4,4,0.00,362.93,0.00,N/A
104.18.35.128,4,4,0.00,363.40,0.00,N/A
104.19.58.208,4,4,0.00,363.46,0.00,N/A
104.18.38.150,4,4,0.00,363.65,0.00,N/A
104.19.33.19,4,4,0.00,363.75,0.00,N/A
104.18.39.248,4,4,0.00,364.08,0.00,N/A
104.18.40.30,4,4,0.00,364.65,0.00,N/A
104.18.191.32,4,4,0.00,364.71,0.00,N/A
104.19.30.95,4,4,0.00,365.42,0.00,N/A
104.18.26.124,4,4,0.00,365.53,0.00,N/A
104.17.150.136,4,4,0.00,365.78,0.00,N/A
104.18.7.114,4,4,0.00,365.82,0.00,N/A
104.18.238.212,4,4,0.00,366.00,0.00,N/A
104.18.179.226,4,4,0.00,366.55,0.00,N/A
104.18.93.219,4,4,0.00,366.76,0.00,N/A
104.18.102.92,4,4,0.00,366.79,0.00,N/A
104.18.181.29,4,4,0.00,367.01,0.00,N/A
104.18.47.27,4,4,0.00,367.29,0.00,N/A
104.18.73.48,4,4,0.00,367.30,0.00,N/A
104.18.207.100,4,4,0.00,367.37,0.00,N/A
104.18.80.74,4,4,0.00,367.40,0.00,N/A
104.18.187.148,4,4,0.00,367.51,0.00,N/A
104.19.25.203,4,4,0.00,367.65,0.00,N/A
104.18.2.65,4,4,0.00,367.71,0.00,N/A
104.18.205.49,4,4,0.00,367.86,0.00,N/A
104.19.7.248,4,4,0.00,368.05,0.00,N/A
104.19.43.42,4,4,0.00,368.09,0.00,N/A
104.18.55.135,4,4,0.00,368.24,0.00,N/A
104.17.210.76,4,4,0.00,368.48,0.00,N/A
104.17.242.48,4,4,0.00,368.55,0.00,N/A
104.18.219.89,4,4,0.00,368.62,0.00,N/A
104.18.82.80,4,4,0.00,368.63,0.00,N/A
104.18.81.238,4,4,0.00,368.79,0.00,N/A
104.19.18.134,4,4,0.00,368.85,0.00,N/A
104.18.99.222,4,4,0.00,368.94,0.00,N/A
104.18.224.31,4,4,0.00,369.13,0.00,N/A
104.17.170.23,4,4,0.00,369.18,0.00,N/A
104.18.173.44,4,4,0.00,369.22,0.00,N/A
104.18.83.199,4,4,0.00,369.38,0.00,N/A
104.17.145.161,4,4,0.00,369.40,0.00,N/A
104.18.75.78,4,4,0.00,369.53,0.00,N/A
104.18.138.51,4,4,0.00,369.54,0.00,N/A
104.18.130.122,4,4,0.00,370.29,0.00,N/A
104.18.160.25,4,4,0.00,370.29,0.00,N/A
104.18.132.210,4,4,0.00,370.31,0.00,N/A
104.18.19.231,4,4,0.00,370.54,0.00,N/A
104.18.37.62,4,4,0.00,370.63,0.00,N/A
104.18.243.40,4,4,0.00,371.39,0.00,N/A
104.18.250.111,4,4,0.00,371.67,0.00,N/A
104.18.212.198,4,4,0.00,371.76,0.00,N/A
104.18.156.193,4,4,0.00,371.89,0.00,N/A
104.19.28.33,4,4,0.00,372.49,0.00,N/A
104.19.63.72,4,4,0.00,372.78,0.00,N/A
104.18.198.95,4,4,0.00,373.01,0.00,N/A
104.17.244.151,4,4,0.00,373.19,0.00,N/A
104.18.170.193,4,4,0.00,373.34,0.00,N/A
104.17.71.74,4,4,0.00,373.60,0.00,N/A
104.18.199.75,4,4,0.00,373.62,0.00,N/A
104.18.242.87,4,4,0.00,374.05,0.00,N/A
104.18.72.236,4,4,0.00,374.46,0.00,N/A
104.18.8.192,4,4,0.00,374.52,0.00,N/A
104.18.6.191,4,4,0.00,374.60,0.00,N/A
104.18.235.99,4,4,0.00,374.70,0.00,N/A
104.19.49.110,4,4,0.00,374.97,0.00,N/A
104.19.19.7,4,4,0.00,375.24,0.00,N/A
104.17.217.3,4,4,0.00,375.56,0.00,N/A
104.18.183.116,4,4,0.00,375.56,0.00,N/A
104.19.56.54,4,4,0.00,375.85,0.00,N/A
104.18.3.8,4,4,0.00,376.12,0.00,N/A
104.17.108.34,4,4,0.00,376.15,0.00,N/A
104.17.209.57,4,4,0.00,376.45,0.00,N/A
104.18.217.241,4,4,0.00,376.72,0.00,N/A
104.17.169.4,4,4,0.00,376.85,0.00,N/A
104.19.14.104,4,4,0.00,377.01,0.00,N/A
104.18.215.154,4,4,0.00,377.38,0.00,N/A
104.17.148.135,4,4,0.00,377.46,0.00,N/A
104.17.237.71,4,4,0.00,377.46,0.00,N/A
104.17.81.47,4,4,0.00,377.81,0.00,N/A
104.18.9.28,4,4,0.00,377.91,0.00,N/A
104.18.228.224,4,4,0.00,378.26,0.00,N/A
104.18.159.104,4,4,0.00,378.31,0.00,N/A
104.18.222.192,4,4,0.00,378.35,0.00,N/A
104.19.1.104,4,4,0.00,378.69,0.00,N/A
104.18.231.170,4,4,0.00,378.72,0.00,N/A
104.17.253.178,4,4,0.00,378.79,0.00,N/A
104.18.190.184,4,4,0.00,379.07,0.00,N/A
104.18.252.97,4,4,0.00,379.88,0.00,N/A
104.18.245.251,4,4,0.00,379.97,0.00,N/A
104.19.20.146,4,4,0.00,380.11,0.00,N/A
104.19.66.190,4,4,0.00,380.24,0.00,N/A
104.17.252.246,4,4,0.00,380.27,0.00,N/A
104.17.249.58,4,4,0.00,380.61,0.00,N/A
104.18.178.131,4,4,0.00,381.18,0.00,N/A
104.19.24.72,4,4,0.00,382.09,0.00,N/A
104.17.102.55,4,4,0.00,382.48,0.00,N/A
104.19.51.170,4,4,0.00,382.64,0.00,N/A
104.19.11.94,4,4,0.00,383.18,0.00,N/A
104.19.53.134,4,4,0.00,383.60,0.00,N/A
104.19.15.20,4,4,0.00,383.96,0.00,N/A
104.19.12.149,4,4,0.00,384.70,0.00,N/A
104.18.197.132,4,4,0.00,384.75,0.00,N/A
104.18.10.101,4,4,0.00,384.91,0.00,N/A
104.18.201.24,4,4,0.00,384.94,0.00,N/A
104.18.229.166,4,4,0.00,385.64,0.00,N/A
104.17.227.116,4,4,0.00,386.44,0.00,N/A
104.17.224.24,4,4,0.00,386.44,0.00,N/A
104.19.29.206,4,4,0.00,386.49,0.00,N/A
104.17.125.181,4,4,0.00,386.58,0.00,N/A
104.18.200.238,4,4,0.00,387.11,0.00,N/A
104.17.188.111,4,4,0.00,387.25,0.00,N/A
104.18.0.114,4,4,0.00,387.57,0.00,N/A
104.18.62.183,4,4,0.00,387.68,0.00,N/A
104.18.223.107,4,4,0.00,387.94,0.00,N/A
104.17.226.222,4,4,0.00,387.95,0.00,N/A
104.18.61.86,4,4,0.00,388.02,0.00,N/A
104.18.230.170,4,4,0.00,388.46,0.00,N/A
104.18.140.141,4,4,0.00,388.74,0.00,N/A
104.17.174.60,4,4,0.00,388.85,0.00,N/A
104.17.255.9,4,4,0.00,388.91,0.00,N/A
104.18.76.86,4,4,0.00,389.16,0.00,N/A
104.18.236.67,4,4,0.00,390.59,0.00,N/A
104.19.16.39,4,4,0.00,390.95,0.00,N/A
104.19.17.241,4,4,0.00,391.08,0.00,N/A
104.17.98.45,4,4,0.00,392.44,0.00,N/A
104.17.162.78,4,4,0.00,394.54,0.00,N/A
104.18.210.107,4,4,0.00,394.72,0.00,N/A
104.18.240.126,4,4,0.00,394.83,0.00,N/A
104.18.248.201,4,4,0.00,395.48,0.00,N/A
104.17.147.170,4,4,0.00,395.58,0.00,N/A
104.17.207.8,4,4,0.00,397.38,0.00,N/A
104.17.236.29,4,4,0.00,398.17,0.00,N/A
104.17.230.3,4,4,0.00,398.80,0.00,N/A
104.17.205.205,4,4,0.00,399.25,0.00,N/A
104.18.33.86,4,4,0.00,399.97,0.00,N/A
104.18.209.168,4,4,0.00,403.55,0.00,N/A
104.17.246.233,4,4,0.00,407.25,0.00,N/A
104.18.247.22,4,4,0.00,407.31,0.00,N/A
104.17.179.235,4,4,0.00,408.08,0.00,N/A
104.17.171.172,4,4,0.00,408.37,0.00,N/A
104.18.196.233,4,4,0.00,411.64,0.00,N/A
104.17.177.40,4,4,0.00,414.80,0.00,N/A
104.18.244.149,4,4,0.00,415.31,0.00,N/A
104.17.192.221,4,4,0.00,418.06,0.00,N/A
104.17.144.109,4,4,0.00,420.66,0.00,N/A
104.18.241.230,4,4,0.00,421.83,0.00,N/A
104.17.146.72,4,4,0.00,425.55,0.00,N/A
104.18.232.153,4,4,0.00,427.70,0.00,N/A
172.65.218.175,4,3,0.25,156.95,0.00,N/A
104.21.225.204,4,3,0.25,157.79,0.00,N/A
172.64.159.243,4,3,0.25,167.00,0.00,N/A
162.159.45.27,4,3,0.25,169.03,0.00,N/A
104.21.126.45,4,3,0.25,171.42,0.00,N/A
104.27.24.217,4,3,0.25,172.16,0.00,N/A
104.27.26.152,4,3,0.25,172.94,0.00,N/A
104.19.240.14,4,3,0.25,173.23,0.00,N/A
104.21.56.134,4,3,0.25,173.67,0.00,N/A
104.19.243.239,4,3,0.25,173.75,0.00,N/A
104.19.184.97,4,3,0.25,173.89,0.00,N/A
172.67.237.18,4,3,0.25,175.80,0.00,N/A
172.64.37.38,4,3,0.25,176.45,0.00,N/A
172.65.209.118,4,3,0.25,176.90,0.00,N/A
172.65.247.125,4,3,0.25,177.29,0.00,N/A
104.21.236.228,4,3,0.25,178.33,0.00,N/A
104.24.14.207,4,3,0.25,179.06,0.00,N/A
104.19.242.176,4,3,0.25,179.23,0.00,N/A
162.159.192.218,4,3,0.25,180.19,0.00,N/A
104.21.235.5,4,3,0.25,180.35,0.00,N/A
104.27.6.103,4,3,0.25,180.50,0.00,N/A
172.64.91.205,4,3,0.25,181.03,0.00,N/A
172.65.27.103,4,3,0.25,181.28,0.00,N/A
172.64.97.251,4,3,0.25,181.65,0.00,N/A
104.21.233.5,4,3,0.25,182.12,0.00,N/A
104.27.110.209,4,3,0.25,182.25,0.00,N/A
104.20.55.92,4,3,0.25,182.26,0.00,N/A
104.21.21.53,4,3,0.25,182.50,0.00,N/A
104.25.164.8,4,3,0.25,182.81,0.00,N/A
172.66.156.18,4,3,0.25,183.09,0.00,N/A
104.21.224.123,4,3,0.25,183.33,0.00,N/A
104.21.6.111,4,3,0.25,183.35,0.00,N/A
173.245.58.114,4,3,0.25,183.48,0.00,N/A
172.67.225.143,4,3,0.25,183.64,0.00,N/A
198.41.196.19,4,3,0.25,184.05,0.00,N/A
104.24.200.166,4,3,0.25,184.26,0.00,N/A
104.25.175.88,4,3,0.25,185.02,0.00,N/A
104.21.18.175,4,3,0.25,185.86,0.00,N/A
172.64.151.189,4,3,0.25,185.86,0.00,N/A
104.25.12.35,4,3,0.25,186.13,0.00,N/A
104.24.5.223,4,3,0.25,186.21,0.00,N/A
104.27.22.88,4,3,0.25,186.32,0.00,N/A
172.65.253.165,4,3,0.25,186.78,0.00,N/A
104.25.185.238,4,3,0.25,186.86,0.00,N/A
104.19.239.174,4,3,0.25,186.98,0.00,N/A
104.25.3.29,4,3,0.25,187.39,0.00,N/A
172.66.3.63,4,3,0.25,187.42,0.00,N/A
104.27.114.202,4,3,0.25,187.53,0.00,N/A
104.21.20.15,4,3,0.25,187.72,0.00,N/A
198.41.192.69,4,3,0.25,187.81,0.00,N/A
104.24.130.118,4,3,0.25,187.91,0.00,N/A
104.21.23.81,4,3,0.25,188.71,0.00,N/A
104.21.218.206,4,3,0.25,188.94,0.00,N/A
172.65.87.186,4,3,0.25,189.14,0.00,N/A
104.29.154.157,4,3,0.25,189.51,0.00,N/A
104.19.167.170,4,3,0.25,190.13,0.00,N/A
104.25.172.40,4,3,0.25,190.20,0.00,N/A
104.25.0.250,4,3,0.25,190.37,0.00,N/A
104.27.104.54,4,3,0.25,190.89,0.00,N/A
172.67.104.36,4,3,0.25,190.95,0.00,N/A
104.20.53.5,4,3,0.25,191.02,0.00,N/A
172.65.248.178,4,3,0.25,191.16,0.00,N/A
104.16.73.66,4,3,0.25,191.73,0.00,N/A
104.25.165.203,4,3,0.25,192.07,0.00,N/A
104.24.61.156,4,3,0.25,192.08,0.00,N/A
104.24.165.147,4,3,0.25,192.23,0.00,N/A
104.27.100.199,4,3,0.25,192.23,0.00,N/A
104.21.14.28,4,3,0.25,192.43,0.00,N/A
172.64.35.78,4,3,0.25,192.45,0.00,N/A
104.24.211.178,4,3,0.25,192.72,0.00,N/A
104.24.207.8,4,3,0.25,192.76,0.00,N/A
104.21.219.250,4,3,0.25,192.81,0.00,N/A
104.25.68.116,4,3,0.25,192.88,0.00,N/A
172.67.126.231,4,3,0.25,193.01,0.00,N/A
104.24.95.58,4,3,0.25,193.03,0.00,N/A
104.21.81.97,4,3,0.25,193.18,0.00,N/A
104.20.34.4,4,3,0.25,193.39,0.00,N/A
172.64.84.207,4,3,0.25,193.55,0.00,N/A
104.24.43.102,4,3,0.25,194.11,0.00,N/A
104.25.238.249,4,3,0.25,194.19,0.00,N/A
172.67.178.247,4,3,0.25,194.29,0.00,N/A
104.25.160.125,4,3,0.25,194.65,0.00,N/A
172.66.192.111,4,3,0.25,194.66,0.00,N/A
104.20.36.230,4,3,0.25,194.90,0.00,N/A
104.21.121.172,4,3,0.25,194.93,0.00,N/A
104.27.99.145,4,3,0.25,195.12,0.00,N/A
104.25.189.103,4,3,0.25,195.50,0.00,N/A
172.64.146.72,4,3,0.25,195.60,0.00,N/A
104.24.19.241,4,3,0.25,195.64,0.00,N/A
172.65.245.40,4,3,0.25,195.72,0.00,N/A
104.24.83.193,4,3,0.25,196.36,0.00,N/A
172.66.216.18,4,3,0.25,196.46,0.00,N/A
104.27.106.183,4,3,0.25,196.56,0.00,N/A
172.65.219.62,4,3,0.25,196.73,0.00,N/A
104.20.61.20,4,3,0.25,197.38,0.00,N/A
104.21.22.37,4,3,0.25,197.42,0.00,N/A
104.16.14.85,4,3,0.25,197.59,0.00,N/A
198.41.199.238,4,3,0.25,197.78,0.00,N/A
104.20.54.99,4,3,0.25,197.95,0.00,N/A
104.27.95.184,4,3,0.25,198.19,0.00,N/A
172.65.84.126,4,3,0.25,198.62,0.00,N/A
104.19.206.80,4,3,0.25,198.72,0.00,N/A
104.20.63.243,4,3,0.25,198.89,0.00,N/A
104.19.171.123,4,3,0.25,200.47,0.00,N/A
104.20.38.189,4,3,0.25,200.65,0.00,N/A
104.29.127.237,4,3,0.25,201.16,0.00,N/A
162.159.236.198,4,3,0.25,201.55,0.00,N/A
104.24.44.112,4,3,0.25,201.79,0.00,N/A
172.65.133.126,4,3,0.25,202.14,0.00,N/A
104.21.49.47,4,3,0.25,202.38,0.00,N/A
104.21.112.20,4,3,0.25,202.64,0.00,N/A
104.16.11.185,4,3,0.25,202.99,0.00,N/A
104.24.23.219,4,3,0.25,203.38,0.00,N/A
104.24.60.22,4,3,0.25,203.58,0.00,N/A
104.21.19.26,4,3,0.25,204.36,0.00,N/A
104.24.24.59,4,3,0.25,204.41,0.00,N/A
104.27.69.83,4,3,0.25,204.64,0.00,N/A
104.25.168.100,4,3,0.25,204.83,0.00,N/A
104.27.93.223,4,3,0.25,205.04,0.00,N/A
104.21.124.51,4,3,0.25,205.11,0.00,N/A
104.21.17.32,4,3,0.25,205.19,0.00,N/A
104.21.46.251,4,3,0.25,205.43,0.00,N/A
172.65.230.124,4,3,0.25,205.56,0.00,N/A
104.21.113.144,4,3,0.25,205.67,0.00,N/A
104.21.220.167,4,3,0.25,205.75,0.00,N/A
104.21.36.218,4,3,0.25,205.88,0.00,N/A
172.67.179.159,4,3,0.25,206.30,0.00,N/A
104.25.223.228,4,3,0.25,206.45,0.00,N/A
104.24.136.241,4,3,0.25,206.46,0.00,N/A
104.19.194.203,4,3,0.25,206.56,0.00,N/A
172.65.23.52,4,3,0.25,206.57,0.00,N/A
104.20.56.216,4,3,0.25,206.57,0.00,N/A
104.21.125.153,4,3,0.25,206.86,0.00,N/A
104.19.192.237,4,3,0.25,207.09,0.00,N/A
104.21.196.33,4,3,0.25,207.21,0.00,N/A
104.21.26.118,4,3,0.25,207.33,0.00,N/A
104.21.215.130,4,3,0.25,207.47,0.00,N/A
104.24.55.17,4,3,0.25,207.54,0.00,N/A
172.67.185.211,4,3,0.25,207.55,0.00,N/A
104.25.167.207,4,3,0.25,207.62,0.00,N/A
172.65.70.222,4,3,0.25,207.63,0.00,N/A
104.27.118.188,4,3,0.25,207.65,0.00,N/A
104.25.177.141,4,3,0.25,207.67,0.00,N/A
172.67.248.146,4,3,0.25,208.12,0.00,N/A
172.67.194.70,4,3,0.25,208.16,0.00,N/A
172.67.183.12,4,3,0.25,208.30,0.00,N/A
104.27.92.175,4,3,0.25,208.43,0.00,N/A
172.67.196.138,4,3,0.25,208.51,0.00,N/A
104.25.200.174,4,3,0.25,208.64,0.00,N/A
104.21.3.173,4,3,0.25,208.85,0.00,N/A
104.25.187.46,4,3,0.25,208.88,0.00,N/A
104.21.108.111,4,3,0.25,208.93,0.00,N/A
104.24.209.130,4,3,0.25,209.13,0.00,N/A
104.21.78.65,4,3,0.25,209.34,0.00,N/A
104.21.111.81,4,3,0.25,209.35,0.00,N/A
104.20.9.225,4,3,0.25,209.40,0.00,N/A
104.21.211.86,4,3,0.25,210.35,0.00,N/A
104.21.47.79,4,3,0.25,210.49,0.00,N/A
172.64.150.165,4,3,0.25,210.66,0.00,N/A
104.21.213.183,4,3,0.25,210.77,0.00,N/A
104.26.15.20,4,3,0.25,211.07,0.00,N/A
172.67.162.190,4,3,0.25,211.42,0.00,N/A
172.65.2.44,4,3,0.25,211.82,0.00,N/A
104.21.54.68,4,3,0.25,212.13,0.00,N/A
104.21.223.80,4,3,0.25,212.18,0.00,N/A
104.19.172.4,4,3,0.25,212.24,0.00,N/A
104.24.53.55,4,3,0.25,212.32,0.00,N/A
104.24.10.171,4,3,0.25,212.42,0.00,N/A
104.25.1.25,4,3,0.25,212.50,0.00,N/A
104.21.221.12,4,3,0.25,212.61,0.00,N/A
104.25.157.92,4,3,0.25,212.86,0.00,N/A
104.25.158.115,4,3,0.25,212.86,0.00,N/A
104.27.21.217,4,3,0.25,212.89,0.00,N/A
172.66.145.182,4,3,0.25,213.58,0.00,N/A
104.27.25.141,4,3,0.25,214.08,0.00,N/A
104.24.21.157,4,3,0.25,214.40,0.00,N/A
172.65.249.2,4,3,0.25,214.43,0.00,N/A
104.21.212.177,4,3,0.25,214.70,0.00,N/A
104.27.109.143,4,3,0.25,214.71,0.00,N/A
104.21.115.120,4,3,0.25,214.79,0.00,N/A
104.20.51.55,4,3,0.25,214.83,0.00,N/A
104.27.111.59,4,3,0.25,215.24,0.00,N/A
172.65.51.60,4,3,0.25,215.24,0.00,N/A
104.21.31.68,4,3,0.25,215.55,0.00,N/A
104.24.71.155,4,3,0.25,215.73,0.00,N/A
104.25.75.169,4,3,0.25,216.00,0.00,N/A
104.24.191.31,4,3,0.25,216.23,0.00,N/A
104.25.170.4,4,3,0.25,216.28,0.00,N/A
104.25.252.17,4,3,0.25,216.50,0.00,N/A
172.65.98.144,4,3,0.25,216.82,0.00,N/A
104.26.14.25,4,3,0.25,217.52,0.00,N/A
172.66.212.197,4,3,0.25,217.53,0.00,N/A
104.25.178.182,4,3,0.25,217.56,0.00,N/A
172.65.246.171,4,3,0.25,217.62,0.00,N/A
104.27.72.112,4,3,0.25,217.70,0.00,N/A
104.21.109.207,4,3,0.25,217.77,0.00,N/A
104.20.5.48,4,3,0.25,218.51,0.00,N/A
104.21.77.242,4,3,0.25,218.62,0.00,N/A
104.27.107.118,4,3,0.25,218.88,0.00,N/A
104.27.46.155,4,3,0.25,219.00,0.00,N/A
172.67.250.227,4,3,0.25,219.02,0.00,N/A
104.24.222.58,4,3,0.25,219.11,0.00,N/A
172.65.86.229,4,3,0.25,219.32,0.00,N/A
172.65.224.122,4,3,0.25,219.36,0.00,N/A
104.29.141.37,4,3,0.25,219.49,0.00,N/A
104.21.107.77,4,3,0.25,219.60,0.00,N/A
104.24.2.199,4,3,0.25,219.72,0.00,N/A
104.25.65.174,4,3,0.25,219.76,0.00,N/A
172.67.246.218,4,3,0.25,219.77,0.00,N/A
172.67.131.132,4,3,0.25,219.82,0.00,N/A
104.21.74.253,4,3,0.25,219.95,0.00,N/A
104.24.65.10,4,3,0.25,219.95,0.00,N/A
104.25.174.10,4,3,0.25,220.03,0.00,N/A
104.25.233.223,4,3,0.25,220.08,0.00,N/A
104.25.186.111,4,3,0.25,220.11,0.00,N/A
104.27.84.71,4,3,0.25,220.87,0.00,N/A
172.65.121.152,4,3,0.25,220.90,0.00,N/A
104.25.181.31,4,3,0.25,221.03,0.00,N/A
198.41.201.56,4,3,0.25,221.26,0.00,N/A
104.26.6.120,4,3,0.25,221.90,0.00,N/A
104.20.25.162,4,3,0.25,221.94,0.00,N/A
104.25.162.50,4,3,0.25,222.30,0.00,N/A
104.24.64.196,4,3,0.25,222.45,0.00,N/A
104.24.40.174,4,3,0.25,222.48,0.00,N/A
162.159.19.226,4,3,0.25,222.55,0.00,N/A
104.21.41.171,4,3,0.25,222.63,0.00,N/A
104.27.47.53,4,3,0.25,223.08,0.00,N/A
104.25.153.35,4,3,0.25,223.45,0.00,N/A
104.27.94.254,4,3,0.25,223.68,0.00,N/A
104.25.169.119,4,3,0.25,223.70,0.00,N/A
104.25.161.204,4,3,0.25,223.86,0.00,N/A
172.65.226.163,4,3,0.25,223.91,0.00,N/A
172.66.206.20,4,3,0.25,224.19,0.00,N/A
172.65.195.133,4,3,0.25,224.25,0.00,N/A
104.24.28.233,4,3,0.25,224.28,0.00,N/A
104.25.22.127,4,3,0.25,224.32,0.00,N/A
162.159.61.139,4,3,0.25,224.62,0.00,N/A
172.65.185.240,4,3,0.25,225.50,0.00,N/A
104.25.166.109,4,3,0.25,225.90,0.00,N/A
172.65.233.196,4,3,0.25,225.97,0.00,N/A
104.19.197.0,4,3,0.25,226.01,0.00,N/A
104.19.166.34,4,3,0.25,226.23,0.00,N/A
104.20.57.27,4,3,0.25,226.39,0.00,N/A
104.24.202.95,4,3,0.25,226.42,0.00,N/A
104.24.63.19,4,3,0.25,226.49,0.00,N/A
172.67.249.27,4,3,0.25,226.55,0.00,N/A
104.25.222.245,4,3,0.25,226.84,0.00,N/A
104.24.9.5,4,3,0.25,226.95,0.00,N/A
104.25.202.148,4,3,0.25,226.95,0.00,N/A
104.29.152.95,4,3,0.25,227.00,0.00,N/A
104.19.193.245,4,3,0.25,227.26,0.00,N/A
172.67.163.63,4,3,0.25,227.29,0.00,N/A
104.25.110.30,4,3,0.25,227.59,0.00,N/A
104.27.98.71,4,3,0.25,227.69,0.00,N/A
172.64.33.8,4,3,0.25,227.82,0.00,N/A
104.25.152.55,4,3,0.25,227.97,0.00,N/A
104.27.116.209,4,3,0.25,228.66,0.00,N/A
104.27.192.90,4,3,0.25,228.77,0.00,N/A
104.27.105.254,4,3,0.25,228.86,0.00,N/A
104.27.38.209,4,3,0.25,229.04,0.00,N/A
104.27.73.89,4,3,0.25,229.30,0.00,N/A
104.24.249.224,4,3,0.25,229.58,0.00,N/A
162.159.160.58,4,3,0.25,229.61,0.00,N/A
104.24.176.145,4,3,0.25,229.64,0.00,N/A
104.24.194.81,4,3,0.25,229.74,0.00,N/A
104.24.7.212,4,3,0.25,229.77,0.00,N/A
104.25.179.209,4,3,0.25,229.81,0.00,N/A
104.24.208.4,4,3,0.25,230.04,0.00,N/A
104.24.242.145,4,3,0.25,230.05,0.00,N/A
104.26.11.8,4,3,0.25,230.05,0.00,N/A
104.25.39.173,4,3,0.25,230.09,0.00,N/A
104.21.217.89,4,3,0.25,230.13,0.00,N/A
172.65.110.193,4,3,0.25,230.32,0.00,N/A
104.25.72.124,4,3,0.25,230.46,0.00,N/A
172.65.35.113,4,3,0.25,230.52,0.00,N/A
104.27.20.212,4,3,0.25,230.84,0.00,N/A
104.24.185.233,4,3,0.25,230.94,0.00,N/A
104.24.49.126,4,3,0.25,231.01,0.00,N/A
104.16.63.6,4,3,0.25,231.20,0.00,N/A
104.20.47.61,4,3,0.25,231.27,0.00,N/A
198.41.219.72,4,3,0.25,231.78,0.00,N/A
104.19.129.30,4,3,0.25,232.20,0.00,N/A
104.20.48.209,4,3,0.25,232.35,0.00,N/A
172.66.193.126,4,3,0.25,232.42,0.00,N/A
172.65.68.116,4,3,0.25,232.44,0.00,N/A
104.24.54.204,4,3,0.25,233.10,0.00,N/A
104.25.176.109,4,3,0.25,233.33,0.00,N/A
104.25.151.16,4,3,0.25,233.66,0.00,N/A
172.67.228.77,4,3,0.25,233.70,0.00,N/A
104.20.50.165,4,3,0.25,233.86,0.00,N/A
104.24.11.85,4,3,0.25,233.97,0.00,N/A
172.65.73.84,4,3,0.25,234.25,0.00,N/A
104.24.13.5,4,3,0.25,234.62,0.00,N/A
104.25.232.135,4,3,0.25,234.86,0.00,N/A
104.24.203.2,4,3,0.25,235.12,0.00,N/A
104.21.99.106,4,3,0.25,235.16,0.00,N/A
104.25.2.66,4,3,0.25,235.68,0.00,N/A
104.20.60.29,4,3,0.25,235.83,0.00,N/A
104.20.31.70,4,3,0.25,235.93,0.00,N/A
104.21.15.94,4,3,0.25,236.02,0.00,N/A
172.65.220.82,4,3,0.25,236.13,0.00,N/A
104.27.201.111,4,3,0.25,236.19,0.00,N/A
104.19.230.35,4,3,0.25,236.22,0.00,N/A
104.27.35.19,4,3,0.25,236.23,0.00,N/A
104.19.169.58,4,3,0.25,236.47,0.00,N/A
172.66.209.152,4,3,0.25,236.76,0.00,N/A
104.16.175.54,4,3,0.25,236.86,0.00,N/A
104.24.58.142,4,3,0.25,236.92,0.00,N/A
104.25.51.5,4,3,0.25,236.93,0.00,N/A
104.16.174.240,4,3,0.25,237.12,0.00,N/A
104.21.122.141,4,3,0.25,237.43,0.00,N/A
104.25.66.246,4,3,0.25,237.61,0.00,N/A
104.16.114.202,4,3,0.25,237.65,0.00,N/A
104.19.136.33,4,3,0.25,237.92,0.00,N/A
104.27.125.210,4,3,0.25,237.99,0.00,N/A
172.67.68.224,4,3,0.25,238.07,0.00,N/A
104.20.32.195,4,3,0.25,238.40,0.00,N/A
104.25.159.31,4,3,0.25,238.71,0.00,N/A
104.25.138.185,4,3,0.25,239.06,0.00,N/A
104.25.251.41,4,3,0.25,239.10,0.00,N/A
172.64.98.83,4,3,0.25,239.27,0.00,N/A
104.25.184.140,4,3,0.25,239.36,0.00,N/A
104.27.108.234,4,3,0.25,239.47,0.00,N/A
104.25.221.36,4,3,0.25,239.93,0.00,N/A
104.24.16.183,4,3,0.25,240.04,0.00,N/A
172.67.123.243,4,3,0.25,240.15,0.00,N/A
104.20.40.9,4,3,0.25,240.63,0.00,N/A
104.20.33.129,4,3,0.25,240.83,0.00,N/A
104.25.171.247,4,3,0.25,241.39,0.00,N/A
104.24.253.101,4,3,0.25,241.52,0.00,N/A
104.16.226.221,4,3,0.25,241.93,0.00,N/A
104.25.79.218,4,3,0.25,241.97,0.00,N/A
104.27.117.162,4,3,0.25,242.18,0.00,N/A
104.25.29.135,4,3,0.25,242.64,0.00,N/A
172.65.176.129,4,3,0.25,242.66,0.00,N/A
104.19.130.201,4,3,0.25,243.66,0.00,N/A
104.27.97.145,4,3,0.25,243.70,0.00,N/A
104.19.182.207,4,3,0.25,244.67,0.00,N/A
172.64.145.136,4,3,0.25,244.68,0.00,N/A
104.20.42.126,4,3,0.25,244.78,0.00,N/A
104.16.233.27,4,3,0.25,245.70,0.00,N/A
104.19.177.16,4,3,0.25,246.32,0.00,N/A
104.25.92.69,4,3,0.25,246.45,0.00,N/A
104.19.138.4,4,3,0.25,246.65,0.00,N/A
104.24.81.143,4,3,0.25,246.77,0.00,N/A
104.25.182.216,4,3,0.25,246.93,0.00,N/A
104.19.237.17,4,3,0.25,247.02,0.00,N/A
104.25.183.150,4,3,0.25,247.48,0.00,N/A
104.27.45.19,4,3,0.25,247.70,0.00,N/A
104.24.46.143,4,3,0.25,248.06,0.00,N/A
104.16.146.205,4,3,0.25,249.08,0.00,N/A
104.19.137.191,4,3,0.25,249.26,0.00,N/A
104.16.32.14,4,3,0.25,249.64,0.00,N/A
172.64.36.0,4,3,0.25,250.08,0.00,N/A
104.24.188.33,4,3,0.25,251.14,0.00,N/A
172.67.107.166,4,3,0.25,251.40,0.00,N/A
104.19.126.16,4,3,0.25,253.01,0.00,N/A
104.19.218.131,4,3,0.25,253.50,0.00,N/A
104.19.141.244,4,3,0.25,253.53,0.00,N/A
104.19.142.86,4,3,0.25,256.05,0.00,N/A
104.19.204.176,4,3,0.25,256.05,0.00,N/A
104.19.210.217,4,3,0.25,256.59,0.00,N/A
104.16.57.244,4,3,0.25,256.79,0.00,N/A
104.19.139.67,4,3,0.25,256.83,0.00,N/A
104.19.124.252,4,3,0.25,257.11,0.00,N/A
104.29.126.67,4,3,0.25,258.65,0.00,N/A
104.19.104.13,4,3,0.25,260.18,0.00,N/A
104.16.241.1,4,3,0.25,261.13,0.00,N/A
104.19.223.150,4,3,0.25,261.78,0.00,N/A
104.19.128.160,4,3,0.25,263.69,0.00,N/A
104.17.85.181,4,3,0.25,265.28,0.00,N/A
104.19.201.107,4,3,0.25,266.95,0.00,N/A
172.64.32.146,4,3,0.25,267.06,0.00,N/A
104.16.133.78,4,3,0.25,268.53,0.00,N/A
172.64.83.29,4,3,0.25,268.67,0.00,N/A
172.66.45.2,4,3,0.25,269.05,0.00,N/A
104.19.168.21,4,3,0.25,269.89,0.00,N/A
104.19.209.100,4,3,0.25,270.78,0.00,N/A
104.17.32.46,4,3,0.25,273.16,0.00,N/A
104.16.205.146,4,3,0.25,273.66,0.00,N/A
104.19.131.254,4,3,0.25,275.40,0.00,N/A
104.16.201.68,4,3,0.25,276.64,0.00,N/A
104.16.87.84,4,3,0.25,277.50,0.00,N/A
104.19.57.201,4,3,0.25,280.90,0.00,N/A
104.19.176.152,4,3,0.25,283.50,0.00,N/A
104.17.73.254,4,3,0.25,284.42,0.00,N/A
104.19.162.174,4,3,0.25,285.63,0.00,N/A
104.19.165.130,4,3,0.25,288.24,0.00,N/A
104.19.188.105,4,3,0.25,290.33,0.00,N/A
162.159.197.254,4,3,0.25,290.37,0.00,N/A
104.17.0.57,4,3,0.25,291.39,0.00,N/A
104.19.36.168,4,3,0.25,293.23,0.00,N/A
104.19.164.171,4,3,0.25,302.75,0.00,N/A
104.17.106.178,4,3,0.25,303.50,0.00,N/A
104.18.4.201,4,3,0.25,307.46,0.00,N/A
104.19.159.95,4,3,0.25,307.84,0.00,N/A
104.17.42.190,4,3,0.25,308.01,0.00,N/A
162.159.4.97,4,3,0.25,308.17,0.00,N/A
104.19.13.231,4,3,0.25,310.78,0.00,N/A
104.16.209.151,4,3,0.25,311.87,0.00,N/A
104.17.117.244,4,3,0.25,312.83,0.00,N/A
104.19.84.151,4,3,0.25,312.87,0.00,N/A
104.17.97.130,4,3,0.25,314.64,0.00,N/A
104.17.208.94,4,3,0.25,317.57,0.00,N/A
104.19.143.176,4,3,0.25,322.29,0.00,N/A
104.19.87.40,4,3,0.25,323.12,0.00,N/A
104.17.220.57,4,3,0.25,328.46,0.00,N/A
104.17.215.9,4,3,0.25,328.51,0.00,N/A
104.19.148.63,4,3,0.25,331.76,0.00,N/A
104.19.153.110,4,3,0.25,331.95,0.00,N/A
104.17.68.163,4,3,0.25,332.54,0.00,N/A
104.19.155.165,4,3,0.25,333.13,0.00,N/A
104.17.152.125,4,3,0.25,333.17,0.00,N/A
104.19.152.254,4,3,0.25,334.30,0.00,N/A
104.18.92.159,4,3,0.25,336.08,0.00,N/A
104.17.198.150,4,3,0.25,337.63,0.00,N/A
104.18.46.34,4,3,0.25,338.12,0.00,N/A
104.17.149.48,4,3,0.25,338.70,0.00,N/A
104.18.237.176,4,3,0.25,341.21,0.00,N/A
104.18.17.208,4,3,0.25,341.53,0.00,N/A
104.17.143.41,4,3,0.25,341.87,0.00,N/A
104.18.20.238,4,3,0.25,342.07,0.00,N/A
104.17.254.106,4,3,0.25,342.10,0.00,N/A
104.18.78.171,4,3,0.25,342.11,0.00,N/A
104.19.161.89,4,3,0.25,343.95,0.00,N/A
104.19.133.72,4,3,0.25,344.46,0.00,N/A
104.19.132.154,4,3,0.25,346.24,0.00,N/A
104.19.134.163,4,3,0.25,346.31,0.00,N/A
104.19.123.214,4,3,0.25,346.80,0.00,N/A
104.19.150.182,4,3,0.25,346.89,0.00,N/A
104.17.229.29,4,3,0.25,349.74,0.00,N/A
104.18.117.249,4,3,0.25,349.97,0.00,N/A
104.19.127.125,4,3,0.25,350.05,0.00,N/A
104.18.127.220,4,3,0.25,350.66,0.00,N/A
104.19.116.104,4,3,0.25,351.68,0.00,N/A
104.18.68.246,4,3,0.25,352.07,0.00,N/A
104.18.150.164,4,3,0.25,352.33,0.00,N/A
104.18.29.99,4,3,0.25,352.38,0.00,N/A
104.18.88.35,4,3,0.25,352.70,0.00,N/A
104.18.25.229,4,3,0.25,352.91,0.00,N/A
104.18.14.254,4,3,0.25,353.41,0.00,N/A
104.18.22.142,4,3,0.25,353.91,0.00,N/A
104.18.106.150,4,3,0.25,354.36,0.00,N/A
104.18.41.47,4,3,0.25,355.67,0.00,N/A
104.18.42.226,4,3,0.25,356.78,0.00,N/A
104.19.156.111,4,3,0.25,356.78,0.00,N/A
104.18.64.13,4,3,0.25,357.08,0.00,N/A
104.17.165.156,4,3,0.25,357.18,0.00,N/A
104.17.168.159,4,3,0.25,357.41,0.00,N/A
104.17.250.124,4,3,0.25,357.64,0.00,N/A
104.18.233.124,4,3,0.25,358.21,0.00,N/A
104.18.125.7,4,3,0.25,358.48,0.00,N/A
104.17.231.104,4,3,0.25,358.50,0.00,N/A
104.18.13.228,4,3,0.25,359.26,0.00,N/A
104.18.69.180,4,3,0.25,360.64,0.00,N/A
104.17.245.50,4,3,0.25,360.65,0.00,N/A
104.19.31.152,4,3,0.25,360.66,0.00,N/A
104.19.55.19,4,3,0.25,360.87,0.00,N/A
104.19.46.218,4,3,0.25,361.12,0.00,N/A
104.19.52.201,4,3,0.25,361.46,0.00,N/A
104.19.145.32,4,3,0.25,361.51,0.00,N/A
104.18.94.166,4,3,0.25,362.62,0.00,N/A
104.19.44.181,4,3,0.25,363.44,0.00,N/A
104.19.10.155,4,3,0.25,363.53,0.00,N/A
104.19.22.48,4,3,0.25,363.69,0.00,N/A
104.18.226.231,4,3,0.25,363.82,0.00,N/A
104.18.234.156,4,3,0.25,364.05,0.00,N/A
104.18.51.140,4,3,0.25,364.17,0.00,N/A
104.18.120.129,4,3,0.25,364.62,0.00,N/A
104.18.164.251,4,3,0.25,364.84,0.00,N/A
104.18.119.204,4,3,0.25,364.96,0.00,N/A
104.18.134.195,4,3,0.25,365.06,0.00,N/A
104.17.191.55,4,3,0.25,365.27,0.00,N/A
104.17.182.228,4,3,0.25,365.46,0.00,N/A
104.17.136.92,4,3,0.25,366.23,0.00,N/A
104.18.36.114,4,3,0.25,367.16,0.00,N/A
104.17.223.90,4,3,0.25,367.33,0.00,N/A
104.17.193.47,4,3,0.25,368.62,0.00,N/A
104.18.63.85,4,3,0.25,368.78,0.00,N/A
104.18.96.86,4,3,0.25,368.99,0.00,N/A
104.19.151.100,4,3,0.25,369.22,0.00,N/A
104.17.219.67,4,3,0.25,369.27,0.00,N/A
104.17.196.113,4,3,0.25,369.62,0.00,N/A
104.17.127.230,4,3,0.25,369.93,0.00,N/A
104.19.147.198,4,3,0.25,370.50,0.00,N/A
104.17.187.85,4,3,0.25,370.56,0.00,N/A
104.18.86.192,4,3,0.25,371.06,0.00,N/A
104.19.39.86,4,3,0.25,371.51,0.00,N/A
104.19.35.210,4,3,0.25,372.51,0.00,N/A
104.18.182.240,4,3,0.25,373.15,0.00,N/A
104.19.5.41,4,3,0.25,373.59,0.00,N/A
104.19.38.133,4,3,0.25,373.87,0.00,N/A
104.19.27.24,4,3,0.25,373.93,0.00,N/A
104.19.54.182,4,3,0.25,374.90,0.00,N/A
104.19.48.193,4,3,0.25,375.27,0.00,N/A
104.18.195.242,4,3,0.25,375.37,0.00,N/A
104.18.255.25,4,3,0.25,375.46,0.00,N/A
104.19.50.140,4,3,0.25,375.61,0.00,N/A
104.19.21.226,4,3,0.25,375.83,0.00,N/A
104.18.142.109,4,3,0.25,376.39,0.00,N/A
104.19.8.21,4,3,0.25,376.56,0.00,N/A
104.18.254.46,4,3,0.25,376.59,0.00,N/A
104.19.4.172,4,3,0.25,376.66,0.00,N/A
104.18.67.136,4,3,0.25,376.87,0.00,N/A
104.19.0.26,4,3,0.25,377.44,0.00,N/A
104.19.41.236,4,3,0.25,377.88,0.00,N/A
104.17.232.67,4,3,0.25,378.14,0.00,N/A
104.18.171.113,4,3,0.25,379.24,0.00,N/A
104.18.48.78,4,3,0.25,379.97,0.00,N/A
104.18.148.201,4,3,0.25,380.30,0.00,N/A
104.18.104.106,4,3,0.25,382.13,0.00,N/A
104.18.145.109,4,3,0.25,382.79,0.00,N/A
104.19.34.5,4,3,0.25,385.31,0.00,N/A
104.19.26.231,4,3,0.25,386.07,0.00,N/A
104.19.32.119,4,3,0.25,386.10,0.00,N/A
104.19.64.16,4,3,0.25,386.69,0.00,N/A
104.19.23.18,4,3,0.25,386.70,0.00,N/A
104.19.40.172,4,3,0.25,387.30,0.00,N/A
104.18.206.76,4,3,0.25,388.72,0.00,N/A
104.19.9.151,4,3,0.25,389.46,0.00,N/A
104.17.206.52,4,3,0.25,390.73,0.00,N/A
104.19.42.241,4,3,0.25,391.80,0.00,N/A
104.18.66.154,4,3,0.25,392.49,0.00,N/A
104.18.43.176,4,3,0.25,395.03,0.00,N/A
104.18.168.162,4,3,0.25,400.18,0.00,N/A
104.18.246.116,4,3,0.25,401.58,0.00,N/A
104.17.211.146,4,3,0.25,405.26,0.00,N/A
104.18.177.17,4,3,0.25,411.00,0.00,N/A
104.18.253.172,4,3,0.25,415.02,0.00,N/A
104.18.59.187,4,3,0.25,417.11,0.00,N/A
104.18.251.204,4,3,0.25,439.74,0.00,N/A
104.18.172.97,4,3,0.25,443.76,0.00,N/A
172.65.231.0,4,2,0.50,152.29,0.00,N/A
172.65.199.33,4,2,0.50,158.52,0.00,N/A
172.64.176.88,4,2,0.50,163.92,0.00,N/A
104.29.124.173,4,2,0.50,164.36,0.00,N/A
172.65.208.232,4,2,0.50,166.90,0.00,N/A
172.64.158.117,4,2,0.50,168.68,0.00,N/A
104.19.251.195,4,2,0.50,169.59,0.00,N/A
172.65.228.117,4,2,0.50,169.83,0.00,N/A
172.64.87.86,4,2,0.50,170.21,0.00,N/A
104.19.249.206,4,2,0.50,172.93,0.00,N/A
104.19.231.126,4,2,0.50,173.61,0.00,N/A
172.65.222.72,4,2,0.50,173.63,0.00,N/A
172.67.208.185,4,2,0.50,174.00,0.00,N/A
104.27.68.31,4,2,0.50,174.09,0.00,N/A
104.26.5.54,4,2,0.50,174.55,0.00,N/A
104.19.255.13,4,2,0.50,174.72,0.00,N/A
104.21.76.92,4,2,0.50,174.73,0.00,N/A
104.21.80.91,4,2,0.50,174.86,0.00,N/A
104.25.225.18,4,2,0.50,175.61,0.00,N/A
172.64.86.218,4,2,0.50,175.63,0.00,N/A
104.19.232.88,4,2,0.50,175.84,0.00,N/A
172.67.105.246,4,2,0.50,176.68,0.00,N/A
172.65.221.3,4,2,0.50,177.02,0.00,N/A
172.66.133.208,4,2,0.50,177.17,0.00,N/A
104.24.219.167,4,2,0.50,178.09,0.00,N/A
172.66.177.162,4,2,0.50,178.30,0.00,N/A
172.67.99.129,4,2,0.50,178.59,0.00,N/A
104.21.222.183,4,2,0.50,178.82,0.00,N/A
172.66.42.117,4,2,0.50,179.07,0.00,N/A
104.26.3.184,4,2,0.50,179.87,0.00,N/A
172.65.72.21,4,2,0.50,180.15,0.00,N/A
104.25.212.205,4,2,0.50,180.17,0.00,N/A
104.25.87.181,4,2,0.50,180.44,0.00,N/A
172.64.81.174,4,2,0.50,180.68,0.00,N/A
104.21.79.48,4,2,0.50,180.96,0.00,N/A
172.66.40.25,4,2,0.50,181.19,0.00,N/A
104.20.26.237,4,2,0.50,181.64,0.00,N/A
104.21.37.151,4,2,0.50,181.65,0.00,N/A
172.67.98.115,4,2,0.50,181.93,0.00,N/A
104.20.4.196,4,2,0.50,182.44,0.00,N/A
104.21.38.94,4,2,0.50,182.57,0.00,N/A
104.19.241.231,4,2,0.50,182.69,0.00,N/A
104.26.4.37,4,2,0.50,183.38,0.00,N/A
172.65.191.162,4,2,0.50,184.49,0.00,N/A
172.67.210.81,4,2,0.50,184.51,0.00,N/A
104.20.23.1,4,2,0.50,185.03,0.00,N/A
104.24.148.249,4,2,0.50,185.32,0.00,N/A
104.21.103.181,4,2,0.50,186.06,0.00,N/A
104.20.28.252,4,2,0.50,186.11,0.00,N/A
104.24.41.19,4,2,0.50,186.17,0.00,N/A
104.25.26.144,4,2,0.50,186.40,0.00,N/A
172.67.182.100,4,2,0.50,187.46,0.00,N/A
104.27.124.5,4,2,0.50,188.43,0.00,N/A
172.65.137.105,4,2,0.50,188.56,0.00,N/A
104.27.78.2,4,2,0.50,188.64,0.00,N/A
172.64.157.75,4,2,0.50,189.23,0.00,N/A
172.65.254.80,4,2,0.50,189.59,0.00,N/A
172.67.177.184,4,2,0.50,189.69,0.00,N/A
104.25.103.168,4,2,0.50,190.07,0.00,N/A
104.24.225.89,4,2,0.50,190.32,0.00,N/A
172.67.189.83,4,2,0.50,191.11,0.00,N/A
104.21.86.100,4,2,0.50,191.28,0.00,N/A
104.27.32.121,4,2,0.50,191.69,0.00,N/A
104.19.233.245,4,2,0.50,191.72,0.00,N/A
104.24.204.51,4,2,0.50,191.96,0.00,N/A
104.24.128.138,4,2,0.50,192.07,0.00,N/A
172.67.181.65,4,2,0.50,192.10,0.00,N/A
172.67.155.158,4,2,0.50,192.33,0.00,N/A
104.24.228.134,4,2,0.50,192.33,0.00,N/A
104.24.206.179,4,2,0.50,192.47,0.00,N/A
104.21.237.105,4,2,0.50,192.61,0.00,N/A
104.24.93.111,4,2,0.50,192.76,0.00,N/A
172.67.252.229,4,2,0.50,193.05,0.00,N/A
172.67.187.53,4,2,0.50,193.28,0.00,N/A
104.25.93.92,4,2,0.50,193.35,0.00,N/A
172.65.58.35,4,2,0.50,193.79,0.00,N/A
104.21.45.200,4,2,0.50,194.03,0.00,N/A
104.19.246.7,4,2,0.50,194.04,0.00,N/A
172.64.79.251,4,2,0.50,194.10,0.00,N/A
104.20.1.76,4,2,0.50,194.22,0.00,N/A
172.67.154.1,4,2,0.50,194.31,0.00,N/A
104.24.147.235,4,2,0.50,194.55,0.00,N/A
172.67.186.46,4,2,0.50,194.55,0.00,N/A
104.21.61.165,4,2,0.50,194.73,0.00,N/A
104.25.190.203,4,2,0.50,195.03,0.00,N/A
172.65.25.159,4,2,0.50,195.31,0.00,N/A
104.27.2.122,4,2,0.50,195.43,0.00,N/A
104.25.7.67,4,2,0.50,195.79,0.00,N/A
104.21.127.165,4,2,0.50,196.20,0.00,N/A
172.65.10.253,4,2,0.50,196.33,0.00,N/A
172.65.227.232,4,2,0.50,196.80,0.00,N/A
104.25.194.218,4,2,0.50,196.95,0.00,N/A
104.21.71.125,4,2,0.50,197.02,0.00,N/A
172.65.32.112,4,2,0.50,197.14,0.00,N/A
104.21.42.126,4,2,0.50,197.41,0.00,N/A
104.24.205.135,4,2,0.50,197.91,0.00,N/A
104.21.29.223,4,2,0.50,198.34,0.00,N/A
172.65.252.160,4,2,0.50,198.52,0.00,N/A
172.67.211.152,4,2,0.50,198.60,0.00,N/A
104.21.30.63,4,2,0.50,198.74,0.00,N/A
104.25.25.235,4,2,0.50,199.01,0.00,N/A
104.24.25.54,4,2,0.50,199.10,0.00,N/A
104.21.52.14,4,2,0.50,199.42,0.00,N/A
172.67.202.129,4,2,0.50,199.55,0.00,N/A
172.64.52.128,4,2,0.50,199.91,0.00,N/A
172.67.115.15,4,2,0.50,199.96,0.00,N/A
172.66.167.135,4,2,0.50,200.00,0.00,N/A
172.67.227.77,4,2,0.50,200.14,0.00,N/A
104.27.102.193,4,2,0.50,200.27,0.00,N/A
104.25.188.168,4,2,0.50,200.63,0.00,N/A
104.25.254.174,4,2,0.50,200.67,0.00,N/A
172.65.60.93,4,2,0.50,200.88,0.00,N/A
104.19.221.60,4,2,0.50,200.93,0.00,N/A
104.25.30.69,4,2,0.50,200.93,0.00,N/A
104.24.224.26,4,2,0.50,201.04,0.00,N/A
104.25.85.127,4,2,0.50,201.24,0.00,N/A
172.64.85.153,4,2,0.50,201.67,0.00,N/A
104.25.21.42,4,2,0.50,202.25,0.00,N/A
104.25.5.225,4,2,0.50,202.29,0.00,N/A
104.24.245.148,4,2,0.50,202.43,0.00,N/A
172.65.172.58,4,2,0.50,202.93,0.00,N/A
172.67.195.253,4,2,0.50,203.10,0.00,N/A
172.65.146.156,4,2,0.50,203.11,0.00,N/A
172.66.214.46,4,2,0.50,203.38,0.00,N/A
104.21.67.135,4,2,0.50,203.79,0.00,N/A
104.25.8.175,4,2,0.50,204.10,0.00,N/A
104.21.43.2,4,2,0.50,204.13,0.00,N/A
104.24.237.18,4,2,0.50,204.42,0.00,N/A
104.25.83.66,4,2,0.50,204.47,0.00,N/A
104.25.4.103,4,2,0.50,204.53,0.00,N/A
172.67.176.25,4,2,0.50,204.76,0.00,N/A
104.27.120.151,4,2,0.50,204.83,0.00,N/A
172.65.59.181,4,2,0.50,204.87,0.00,N/A
104.21.123.23,4,2,0.50,205.33,0.00,N/A
104.24.230.119,4,2,0.50,205.37,0.00,N/A
104.25.228.15,4,2,0.50,205.46,0.00,N/A
172.67.190.118,4,2,0.50,205.56,0.00,N/A
104.25.18.237,4,2,0.50,205.59,0.00,N/A
104.25.78.68,4,2,0.50,205.61,0.00,N/A
104.25.86.46,4,2,0.50,205.75,0.00,N/A
104.25.11.193,4,2,0.50,205.91,0.00,N/A
104.20.27.12,4,2,0.50,205.94,0.00,N/A
172.65.142.94,4,2,0.50,206.02,0.00,N/A
104.24.52.43,4,2,0.50,206.29,0.00,N/A
172.67.193.182,4,2,0.50,206.37,0.00,N/A
172.67.124.159,4,2,0.50,206.39,0.00,N/A
104.21.73.118,4,2,0.50,206.64,0.00,N/A
104.21.7.170,4,2,0.50,206.83,0.00,N/A
104.21.27.200,4,2,0.50,207.07,0.00,N/A
104.25.234.11,4,2,0.50,207.13,0.00,N/A
172.67.75.128,4,2,0.50,207.27,0.00,N/A
104.27.11.128,4,2,0.50,207.69,0.00,N/A
104.24.218.12,4,2,0.50,207.84,0.00,N/A
172.65.115.83,4,2,0.50,207.91,0.00,N/A
104.26.1.115,4,2,0.50,207.92,0.00,N/A
104.21.39.107,4,2,0.50,208.13,0.00,N/A
104.24.236.184,4,2,0.50,208.14,0.00,N/A
104.25.81.153,4,2,0.50,208.30,0.00,N/A
104.21.53.8,4,2,0.50,208.30,0.00,N/A
172.65.11.133,4,2,0.50,208.30,0.00,N/A
104.27.31.249,4,2,0.50,208.89,0.00,N/A
104.19.212.103,4,2,0.50,208.91,0.00,N/A
172.67.82.133,4,2,0.50,209.01,0.00,N/A
104.24.129.175,4,2,0.50,209.37,0.00,N/A
172.66.139.90,4,2,0.50,209.44,0.00,N/A
172.65.38.206,4,2,0.50,209.55,0.00,N/A
172.65.132.12,4,2,0.50,209.82,0.00,N/A
104.24.84.93,4,2,0.50,210.18,0.00,N/A
172.67.169.66,4,2,0.50,210.45,0.00,N/A
172.66.134.101,4,2,0.50,210.59,0.00,N/A
104.27.75.155,4,2,0.50,210.69,0.00,N/A
104.20.16.66,4,2,0.50,210.90,0.00,N/A
172.65.130.17,4,2,0.50,211.01,0.00,N/A
104.24.73.18,4,2,0.50,211.08,0.00,N/A
104.21.48.111,4,2,0.50,211.22,0.00,N/A
104.25.14.225,4,2,0.50,211.32,0.00,N/A
172.67.216.45,4,2,0.50,211.51,0.00,N/A
172.65.168.12,4,2,0.50,211.53,0.00,N/A
172.65.181.127,4,2,0.50,211.76,0.00,N/A
104.25.106.47,4,2,0.50,211.82,0.00,N/A
104.25.229.235,4,2,0.50,212.12,0.00,N/A
172.67.219.243,4,2,0.50,212.24,0.00,N/A
172.67.191.199,4,2,0.50,212.40,0.00,N/A
104.27.9.249,4,2,0.50,212.44,0.00,N/A
104.25.19.74,4,2,0.50,212.63,0.00,N/A
172.67.110.191,4,2,0.50,212.78,0.00,N/A
172.67.149.57,4,2,0.50,212.89,0.00,N/A
104.24.170.8,4,2,0.50,212.97,0.00,N/A
104.21.102.217,4,2,0.50,213.24,0.00,N/A
172.67.234.46,4,2,0.50,213.26,0.00,N/A
104.19.214.7,4,2,0.50,213.47,0.00,N/A
172.67.173.252,4,2,0.50,213.66,0.00,N/A
172.67.184.117,4,2,0.50,213.68,0.00,N/A
104.27.115.100,4,2,0.50,213.70,0.00,N/A
104.21.90.127,4,2,0.50,213.76,0.00,N/A
172.66.166.150,4,2,0.50,213.86,0.00,N/A
104.21.63.118,4,2,0.50,214.03,0.00,N/A
104.20.44.101,4,2,0.50,214.05,0.00,N/A
104.24.145.37,4,2,0.50,214.07,0.00,N/A
104.25.28.120,4,2,0.50,214.14,0.00,N/A
104.25.230.17,4,2,0.50,214.21,0.00,N/A
172.67.201.228,4,2,0.50,214.30,0.00,N/A
104.19.170.83,4,2,0.50,214.42,0.00,N/A
172.67.197.21,4,2,0.50,214.94,0.00,N/A
104.19.220.145,4,2,0.50,215.12,0.00,N/A
104.25.199.214,4,2,0.50,215.63,0.00,N/A
172.67.122.200,4,2,0.50,215.87,0.00,N/A
172.65.74.63,4,2,0.50,216.11,0.00,N/A
104.24.56.131,4,2,0.50,216.41,0.00,N/A
172.65.4.84,4,2,0.50,216.49,0.00,N/A
162.159.206.175,4,2,0.50,216.57,0.00,N/A
104.25.27.155,4,2,0.50,216.63,0.00,N/A
172.66.168.15,4,2,0.50,216.95,0.00,N/A
104.25.193.180,4,2,0.50,217.12,0.00,N/A
104.25.74.45,4,2,0.50,217.40,0.00,N/A
104.25.207.117,4,2,0.50,217.93,0.00,N/A
104.24.42.89,4,2,0.50,218.20,0.00,N/A
172.65.187.108,4,2,0.50,218.21,0.00,N/A
172.66.205.113,4,2,0.50,218.46,0.00,N/A
104.19.213.29,4,2,0.50,218.57,0.00,N/A
104.27.206.49,4,2,0.50,218.98,0.00,N/A
104.27.4.128,4,2,0.50,219.32,0.00,N/A
104.24.77.185,4,2,0.50,219.36,0.00,N/A
104.24.233.78,4,2,0.50,219.38,0.00,N/A
104.24.226.93,4,2,0.50,219.61,0.00,N/A
104.27.30.180,4,2,0.50,219.62,0.00,N/A
104.24.214.218,4,2,0.50,219.73,0.00,N/A
104.24.215.175,4,2,0.50,219.73,0.00,N/A
104.25.195.109,4,2,0.50,219.76,0.00,N/A
104.24.45.13,4,2,0.50,219.83,0.00,N/A
172.64.231.223,4,2,0.50,219.99,0.00,N/A
104.24.48.49,4,2,0.50,220.07,0.00,N/A
104.19.211.216,4,2,0.50,220.23,0.00,N/A
104.27.122.15,4,2,0.50,220.64,0.00,N/A
104.24.198.14,4,2,0.50,220.71,0.00,N/A
172.67.180.132,4,2,0.50,220.79,0.00,N/A
172.67.106.252,4,2,0.50,220.80,0.00,N/A
104.25.33.188,4,2,0.50,221.02,0.00,N/A
104.24.85.144,4,2,0.50,221.05,0.00,N/A
104.25.80.184,4,2,0.50,221.19,0.00,N/A
104.24.27.199,4,2,0.50,221.22,0.00,N/A
172.65.100.50,4,2,0.50,221.33,0.00,N/A
104.27.19.117,4,2,0.50,221.49,0.00,N/A
104.27.119.31,4,2,0.50,221.63,0.00,N/A
104.27.101.42,4,2,0.50,221.87,0.00,N/A
104.27.51.226,4,2,0.50,222.17,0.00,N/A
104.20.10.92,4,2,0.50,222.32,0.00,N/A
172.66.140.223,4,2,0.50,222.76,0.00,N/A
172.65.186.75,4,2,0.50,222.97,0.00,N/A
172.67.74.24,4,2,0.50,223.76,0.00,N/A
172.65.16.210,4,2,0.50,223.83,0.00,N/A
104.27.195.213,4,2,0.50,223.87,0.00,N/A
104.27.76.165,4,2,0.50,224.13,0.00,N/A
104.24.192.96,4,2,0.50,224.17,0.00,N/A
172.67.240.220,4,2,0.50,224.64,0.00,N/A
104.24.132.97,4,2,0.50,224.71,0.00,N/A
104.24.216.25,4,2,0.50,224.99,0.00,N/A
104.20.35.247,4,2,0.50,225.22,0.00,N/A
104.25.16.66,4,2,0.50,225.60,0.00,N/A
104.24.137.149,4,2,0.50,225.69,0.00,N/A
104.25.17.218,4,2,0.50,225.80,0.00,N/A
172.65.127.82,4,2,0.50,225.81,0.00,N/A
104.25.13.251,4,2,0.50,225.84,0.00,N/A
172.66.200.218,4,2,0.50,226.10,0.00,N/A
104.24.229.236,4,2,0.50,226.26,0.00,N/A
104.24.79.121,4,2,0.50,226.26,0.00,N/A
172.65.123.130,4,2,0.50,226.30,0.00,N/A
104.24.39.197,4,2,0.50,226.48,0.00,N/A
104.21.59.20,4,2,0.50,226.50,0.00,N/A
172.67.109.119,4,2,0.50,226.72,0.00,N/A
104.25.84.92,4,2,0.50,226.86,0.00,N/A
104.24.94.248,4,2,0.50,226.92,0.00,N/A
172.67.121.236,4,2,0.50,227.32,0.00,N/A
104.24.133.52,4,2,0.50,227.42,0.00,N/A
172.65.76.91,4,2,0.50,227.70,0.00,N/A
172.65.164.38,4,2,0.50,227.71,0.00,N/A
104.24.70.214,4,2,0.50,227.84,0.00,N/A
172.65.131.89,4,2,0.50,227.85,0.00,N/A
104.24.212.130,4,2,0.50,227.93,0.00,N/A
104.24.20.3,4,2,0.50,228.03,0.00,N/A
104.24.158.73,4,2,0.50,228.12,0.00,N/A
104.25.239.176,4,2,0.50,228.33,0.00,N/A
104.27.123.33,4,2,0.50,228.46,0.00,N/A
104.24.92.152,4,2,0.50,228.91,0.00,N/A
172.67.93.14,4,2,0.50,228.94,0.00,N/A
104.20.58.49,4,2,0.50,228.97,0.00,N/A
104.21.25.132,4,2,0.50,229.38,0.00,N/A
104.19.236.68,4,2,0.50,229.46,0.00,N/A
104.25.73.131,4,2,0.50,229.95,0.00,N/A
172.67.242.67,4,2,0.50,230.07,0.00,N/A
104.24.223.200,4,2,0.50,230.25,0.00,N/A
104.25.10.18,4,2,0.50,230.58,0.00,N/A
104.21.60.201,4,2,0.50,230.63,0.00,N/A
172.66.211.79,4,2,0.50,230.70,0.00,N/A
104.24.22.30,4,2,0.50,230.71,0.00,N/A
104.20.13.158,4,2,0.50,230.89,0.00,N/A
172.66.203.176,4,2,0.50,230.97,0.00,N/A
104.25.192.38,4,2,0.50,231.00,0.00,N/A
104.21.50.175,4,2,0.50,231.11,0.00,N/A
104.25.20.244,4,2,0.50,231.14,0.00,N/A
104.21.35.191,4,2,0.50,231.83,0.00,N/A
104.25.24.75,4,2,0.50,232.14,0.00,N/A
104.24.187.222,4,2,0.50,232.15,0.00,N/A
104.20.59.44,4,2,0.50,232.64,0.00,N/A
104.19.215.148,4,2,0.50,232.69,0.00,N/A
104.19.217.111,4,2,0.50,232.73,0.00,N/A
172.65.57.17,4,2,0.50,233.04,0.00,N/A
104.25.6.21,4,2,0.50,233.10,0.00,N/A
172.66.157.94,4,2,0.50,233.38,0.00,N/A
172.67.86.218,4,2,0.50,233.45,0.00,N/A
104.19.198.237,4,2,0.50,234.00,0.00,N/A
104.27.112.244,4,2,0.50,234.38,0.00,N/A
104.20.45.212,4,2,0.50,234.97,0.00,N/A
104.27.34.205,4,2,0.50,235.03,0.00,N/A
172.67.108.154,4,2,0.50,235.24,0.00,N/A
104.27.33.224,4,2,0.50,235.37,0.00,N/A
104.24.227.62,4,2,0.50,235.45,0.00,N/A
172.66.196.206,4,2,0.50,235.85,0.00,N/A
172.65.134.158,4,2,0.50,236.02,0.00,N/A
162.159.202.18,4,2,0.50,236.40,0.00,N/A
104.24.210.241,4,2,0.50,236.90,0.00,N/A
172.65.138.215,4,2,0.50,237.01,0.00,N/A
172.67.73.149,4,2,0.50,237.12,0.00,N/A
172.65.128.25,4,2,0.50,237.14,0.00,N/A
172.65.175.236,4,2,0.50,237.26,0.00,N/A
104.27.74.146,4,2,0.50,237.50,0.00,N/A
104.25.191.95,4,2,0.50,237.53,0.00,N/A
104.24.131.98,4,2,0.50,237.65,0.00,N/A
172.64.53.39,4,2,0.50,237.76,0.00,N/A
104.27.5.166,4,2,0.50,238.40,0.00,N/A
104.27.113.231,4,2,0.50,238.82,0.00,N/A
104.25.71.102,4,2,0.50,239.08,0.00,N/A
172.67.241.67,4,2,0.50,239.09,0.00,N/A
104.24.157.164,4,2,0.50,239.34,0.00,N/A
172.65.95.60,4,2,0.50,239.36,0.00,N/A
104.24.17.238,4,2,0.50,239.79,0.00,N/A
172.65.167.129,4,2,0.50,240.12,0.00,N/A
172.65.77.250,4,2,0.50,240.23,0.00,N/A
104.25.129.3,4,2,0.50,240.25,0.00,N/A
172.65.126.180,4,2,0.50,240.30,0.00,N/A
104.24.143.155,4,2,0.50,240.43,0.00,N/A
104.25.255.203,4,2,0.50,240.55,0.00,N/A
172.67.188.134,4,2,0.50,240.82,0.00,N/A
104.25.121.92,4,2,0.50,240.94,0.00,N/A
172.67.66.213,4,2,0.50,241.12,0.00,N/A
172.66.144.128,4,2,0.50,241.37,0.00,N/A
104.21.194.179,4,2,0.50,241.40,0.00,N/A
104.19.200.65,4,2,0.50,241.53,0.00,N/A
172.67.65.232,4,2,0.50,242.30,0.00,N/A
104.24.221.242,4,2,0.50,242.34,0.00,N/A
104.27.37.186,4,2,0.50,242.54,0.00,N/A
172.67.198.1,4,2,0.50,243.01,0.00,N/A
104.27.203.116,4,2,0.50,243.23,0.00,N/A
104.24.0.212,4,2,0.50,243.41,0.00,N/A
104.24.89.110,4,2,0.50,243.60,0.00,N/A
104.25.231.6,4,2,0.50,244.26,0.00,N/A
172.66.204.150,4,2,0.50,244.37,0.00,N/A
104.25.125.211,4,2,0.50,244.47,0.00,N/A
104.19.222.152,4,2,0.50,245.35,0.00,N/A
172.66.2.219,4,2,0.50,245.67,0.00,N/A
104.25.253.58,4,2,0.50,245.85,0.00,N/A
104.25.15.247,4,2,0.50,246.00,0.00,N/A
104.24.231.90,4,2,0.50,246.14,0.00,N/A
172.65.229.40,4,2,0.50,246.20,0.00,N/A
104.25.76.2,4,2,0.50,246.51,0.00,N/A
104.21.55.141,4,2,0.50,247.26,0.00,N/A
172.65.92.194,4,2,0.50,247.49,0.00,N/A
104.24.135.6,4,2,0.50,247.67,0.00,N/A
104.24.134.54,4,2,0.50,248.32,0.00,N/A
104.25.77.129,4,2,0.50,248.44,0.00,N/A
104.24.220.237,4,2,0.50,248.92,0.00,N/A
104.19.196.153,4,2,0.50,249.07,0.00,N/A
104.24.217.58,4,2,0.50,249.54,0.00,N/A
104.24.149.72,4,2,0.50,249.59,0.00,N/A
172.65.238.234,4,2,0.50,251.31,0.00,N/A
104.25.9.26,4,2,0.50,251.32,0.00,N/A
104.24.15.140,4,2,0.50,253.13,0.00,N/A
104.24.12.26,4,2,0.50,253.13,0.00,N/A
104.19.190.73,4,2,0.50,253.38,0.00,N/A
104.24.213.104,4,2,0.50,254.02,0.00,N/A
104.24.18.190,4,2,0.50,254.54,0.00,N/A
104.19.187.179,4,2,0.50,254.97,0.00,N/A
172.65.255.26,4,2,0.50,255.46,0.00,N/A
104.19.203.12,4,2,0.50,261.15,0.00,N/A
104.25.23.248,4,2,0.50,262.94,0.00,N/A
172.64.230.207,4,2,0.50,263.40,0.00,N/A
104.19.120.51,4,2,0.50,264.96,0.00,N/A
104.19.205.58,4,2,0.50,266.05,0.00,N/A
172.66.0.50,4,2,0.50,266.83,0.00,N/A
104.19.235.1,4,2,0.50,267.81,0.00,N/A
104.19.207.14,4,2,0.50,269.36,0.00,N/A
104.19.185.233,4,2,0.50,270.81,0.00,N/A
104.19.191.212,4,2,0.50,271.59,0.00,N/A
104.19.108.18,4,2,0.50,274.20,0.00,N/A
172.64.82.35,4,2,0.50,277.50,0.00,N/A
104.19.107.37,4,2,0.50,294.76,0.00,N/A
104.19.181.77,4,2,0.50,303.86,0.00,N/A
104.19.216.171,4,2,0.50,306.68,0.00,N/A
104.19.180.180,4,2,0.50,310.67,0.00,N/A
104.19.178.218,4,2,0.50,321.42,0.00,N/A
104.17.105.76,4,2,0.50,323.37,0.00,N/A
104.19.183.10,4,2,0.50,335.05,0.00,N/A
172.65.225.89,4,2,0.50,335.09,0.00,N/A
104.17.120.53,4,2,0.50,341.33,0.00,N/A
104.19.174.154,4,2,0.50,342.20,0.00,N/A
104.17.159.101,4,2,0.50,349.83,0.00,N/A
104.19.79.235,4,2,0.50,351.46,0.00,N/A
104.19.47.60,4,2,0.50,353.71,0.00,N/A
104.18.54.229,4,2,0.50,357.19,0.00,N/A
104.18.154.159,4,2,0.50,361.65,0.00,N/A
104.19.72.35,4,2,0.50,365.21,0.00,N/A
104.19.77.161,4,2,0.50,365.54,0.00,N/A
104.19.88.16,4,2,0.50,369.04,0.00,N/A
104.18.202.6,4,2,0.50,373.94,0.00,N/A
104.19.82.53,4,2,0.50,381.24,0.00,N/A
104.18.74.145,4,2,0.50,381.37,0.00,N/A
104.19.75.179,4,2,0.50,383.35,0.00,N/A
104.18.194.88,4,2,0.50,384.49,0.00,N/A
104.19.68.246,4,2,0.50,386.93,0.00,N/A
104.19.67.120,4,2,0.50,386.93,0.00,N/A
104.19.69.246,4,2,0.50,387.21,0.00,N/A
104.18.57.176,4,2,0.50,392.47,0.00,N/A
104.17.212.178,4,2,0.50,401.48,0.00,N/A
104.19.74.16,4,2,0.50,402.81,0.00,N/A
104.18.53.112,4,2,0.50,434.04,0.00,N/A
172.65.217.142,4,1,0.75,147.37,0.00,N/A
104.19.252.253,4,1,0.75,153.77,0.00,N/A
104.21.226.127,4,1,0.75,154.40,0.00,N/A
172.65.234.37,4,1,0.75,154.87,0.00,N/A
172.65.236.110,4,1,0.75,155.29,0.00,N/A
172.65.251.130,4,1,0.75,156.43,0.00,N/A
172.65.211.227,4,1,0.75,157.04,0.00,N/A
172.64.147.187,4,1,0.75,160.81,0.00,N/A
172.65.216.120,4,1,0.75,160.91,0.00,N/A
172.65.239.33,4,1,0.75,163.93,0.00,N/A
172.66.46.143,4,1,0.75,164.07,0.00,N/A
172.65.201.215,4,1,0.75,164.16,0.00,N/A
172.65.242.213,4,1,0.75,164.51,0.00,N/A
172.64.153.140,4,1,0.75,164.56,0.00,N/A
104.19.250.235,4,1,0.75,164.68,0.00,N/A
172.64.80.114,4,1,0.75,165.73,0.00,N/A
104.27.65.190,4,1,0.75,166.06,0.00,N/A
104.19.244.36,4,1,0.75,166.16,0.00,N/A
104.27.41.219,4,1,0.75,167.44,0.00,N/A
172.66.153.119,4,1,0.75,167.62,0.00,N/A
172.67.166.208,4,1,0.75,167.82,0.00,N/A
172.66.47.82,4,1,0.75,167.86,0.00,N/A
104.19.248.24,4,1,0.75,168.71,0.00,N/A
172.67.230.59,4,1,0.75,168.79,0.00,N/A
172.65.240.58,4,1,0.75,168.83,0.00,N/A
104.19.254.149,4,1,0.75,169.96,0.00,N/A
104.21.227.44,4,1,0.75,170.45,0.00,N/A
172.65.173.144,4,1,0.75,170.54,0.00,N/A
172.65.61.22,4,1,0.75,170.65,0.00,N/A
172.65.144.38,4,1,0.75,170.73,0.00,N/A
104.19.245.233,4,1,0.75,170.74,0.00,N/A
172.67.151.24,4,1,0.75,171.75,0.00,N/A
172.65.21.166,4,1,0.75,172.07,0.00,N/A
172.67.161.181,4,1,0.75,173.02,0.00,N/A
172.65.113.85,4,1,0.75,173.08,0.00,N/A
104.21.91.181,4,1,0.75,173.12,0.00,N/A
172.67.79.251,4,1,0.75,173.25,0.00,N/A
104.19.154.39,4,1,0.75,173.59,0.00,N/A
104.21.85.60,4,1,0.75,173.72,0.00,N/A
172.65.9.134,4,1,0.75,174.01,0.00,N/A
104.24.138.59,4,1,0.75,174.26,0.00,N/A
172.64.154.241,4,1,0.75,174.27,0.00,N/A
104.27.49.215,4,1,0.75,174.36,0.00,N/A
172.65.26.0,4,1,0.75,174.69,0.00,N/A
104.27.66.11,4,1,0.75,174.74,0.00,N/A
172.67.94.5,4,1,0.75,174.75,0.00,N/A
104.24.163.123,4,1,0.75,174.77,0.00,N/A
172.67.91.247,4,1,0.75,174.79,0.00,N/A
172.67.164.190,4,1,0.75,175.67,0.00,N/A
104.24.179.3,4,1,0.75,175.90,0.00,N/A
104.27.82.137,4,1,0.75,176.04,0.00,N/A
172.65.6.71,4,1,0.75,176.09,0.00,N/A
104.25.40.185,4,1,0.75,176.22,0.00,N/A
104.19.173.109,4,1,0.75,176.22,0.00,N/A
172.65.85.8,4,1,0.75,176.97,0.00,N/A
104.25.135.122,4,1,0.75,177.07,0.00,N/A
104.21.83.121,4,1,0.75,177.53,0.00,N/A
172.67.224.191,4,1,0.75,177.97,0.00,N/A
172.67.244.51,4,1,0.75,178.09,0.00,N/A
104.25.122.211,4,1,0.75,179.41,0.00,N/A
104.21.197.250,4,1,0.75,179.71,0.00,N/A
104.25.115.117,4,1,0.75,179.99,0.00,N/A
104.27.3.58,4,1,0.75,180.69,0.00,N/A
104.19.238.232,4,1,0.75,180.87,0.00,N/A
172.67.233.106,4,1,0.75,181.26,0.00,N/A
172.65.139.94,4,1,0.75,181.31,0.00,N/A
104.25.139.155,4,1,0.75,181.32,0.00,N/A
172.65.5.244,4,1,0.75,181.36,0.00,N/A
172.67.245.149,4,1,0.75,181.42,0.00,N/A
172.67.135.211,4,1,0.75,181.79,0.00,N/A
172.67.235.2,4,1,0.75,182.20,0.00,N/A
172.67.152.199,4,1,0.75,182.37,0.00,N/A
172.64.66.148,4,1,0.75,182.77,0.00,N/A
172.64.156.47,4,1,0.75,182.96,0.00,N/A
104.19.234.116,4,1,0.75,182.98,0.00,N/A
104.21.89.12,4,1,0.75,183.02,0.00,N/A
104.25.120.199,4,1,0.75,183.72,0.00,N/A
104.24.177.99,4,1,0.75,184.24,0.00,N/A
104.24.78.131,4,1,0.75,185.10,0.00,N/A
104.21.93.77,4,1,0.75,185.44,0.00,N/A
104.19.247.167,4,1,0.75,185.59,0.00,N/A
172.64.46.91,4,1,0.75,185.59,0.00,N/A
104.25.99.207,4,1,0.75,185.70,0.00,N/A
172.65.149.103,4,1,0.75,185.95,0.00,N/A
172.65.166.107,4,1,0.75,186.74,0.00,N/A
104.21.195.29,4,1,0.75,187.05,0.00,N/A
172.67.223.46,4,1,0.75,187.89,0.00,N/A
172.64.90.152,4,1,0.75,187.94,0.00,N/A
104.25.97.168,4,1,0.75,187.95,0.00,N/A
104.21.65.58,4,1,0.75,188.39,0.00,N/A
172.64.48.174,4,1,0.75,188.42,0.00,N/A
104.21.199.49,4,1,0.75,188.74,0.00,N/A
172.64.39.158,4,1,0.75,190.40,0.00,N/A
104.21.193.122,4,1,0.75,190.65,0.00,N/A
104.19.158.62,4,1,0.75,190.71,0.00,N/A
104.25.123.187,4,1,0.75,190.89,0.00,N/A
172.65.223.222,4,1,0.75,191.58,0.00,N/A
104.25.41.53,4,1,0.75,191.60,0.00,N/A
172.65.163.144,4,1,0.75,193.20,0.00,N/A
104.25.241.254,4,1,0.75,193.59,0.00,N/A
172.65.243.63,4,1,0.75,194.41,0.00,N/A
172.67.153.66,4,1,0.75,194.50,0.00,N/A
104.25.209.40,4,1,0.75,195.23,0.00,N/A
104.21.206.134,4,1,0.75,195.41,0.00,N/A
104.21.203.70,4,1,0.75,195.59,0.00,N/A
172.67.229.228,4,1,0.75,196.12,0.00,N/A
104.25.117.162,4,1,0.75,196.83,0.00,N/A
104.25.98.84,4,1,0.75,196.94,0.00,N/A
104.24.240.226,4,1,0.75,197.68,0.00,N/A
172.65.114.197,4,1,0.75,197.69,0.00,N/A
104.24.67.232,4,1,0.75,197.84,0.00,N/A
104.27.70.19,4,1,0.75,198.29,0.00,N/A
172.67.204.90,4,1,0.75,198.61,0.00,N/A
104.20.19.213,4,1,0.75,198.70,0.00,N/A
172.65.235.164,4,1,0.75,198.91,0.00,N/A
104.27.127.154,4,1,0.75,199.16,0.00,N/A
104.24.239.101,4,1,0.75,199.33,0.00,N/A
172.67.85.166,4,1,0.75,200.22,0.00,N/A
104.27.202.218,4,1,0.75,200.26,0.00,N/A
172.67.238.218,4,1,0.75,200.37,0.00,N/A
104.25.126.246,4,1,0.75,200.50,0.00,N/A
104.25.206.101,4,1,0.75,201.03,0.00,N/A
172.65.232.89,4,1,0.75,201.31,0.00,N/A
104.27.57.23,4,1,0.75,201.59,0.00,N/A
104.21.205.164,4,1,0.75,201.77,0.00,N/A
104.21.204.97,4,1,0.75,201.82,0.00,N/A
104.21.207.238,4,1,0.75,201.91,0.00,N/A
172.66.152.3,4,1,0.75,202.39,0.00,N/A
104.27.67.42,4,1,0.75,202.77,0.00,N/A
104.24.155.5,4,1,0.75,202.82,0.00,N/A
104.24.144.134,4,1,0.75,203.30,0.00,N/A
172.67.145.17,4,1,0.75,203.83,0.00,N/A
172.67.159.78,4,1,0.75,203.94,0.00,N/A
172.67.199.165,4,1,0.75,203.95,0.00,N/A
172.67.209.53,4,1,0.75,203.98,0.00,N/A
104.21.200.46,4,1,0.75,204.14,0.00,N/A
104.25.141.124,4,1,0.75,204.20,0.00,N/A
104.21.118.233,4,1,0.75,204.26,0.00,N/A
104.27.71.53,4,1,0.75,204.31,0.00,N/A
172.65.99.162,4,1,0.75,204.33,0.00,N/A
172.65.91.229,4,1,0.75,204.57,0.00,N/A
172.67.243.174,4,1,0.75,204.60,0.00,N/A
104.21.202.160,4,1,0.75,204.65,0.00,N/A
104.24.173.237,4,1,0.75,204.80,0.00,N/A
104.27.0.47,4,1,0.75,204.90,0.00,N/A
104.27.96.215,4,1,0.75,205.15,0.00,N/A
172.65.105.72,4,1,0.75,205.41,0.00,N/A
172.67.144.107,4,1,0.75,205.55,0.00,N/A
104.25.217.118,4,1,0.75,205.69,0.00,N/A
104.24.156.39,4,1,0.75,205.84,0.00,N/A
172.65.39.130,4,1,0.75,205.98,0.00,N/A
104.25.124.119,4,1,0.75,206.04,0.00,N/A
104.27.88.113,4,1,0.75,206.14,0.00,N/A
172.67.156.113,4,1,0.75,206.43,0.00,N/A
104.25.227.13,4,1,0.75,206.44,0.00,N/A
172.65.83.36,4,1,0.75,206.52,0.00,N/A
104.20.11.147,4,1,0.75,206.55,0.00,N/A
104.21.210.182,4,1,0.75,206.92,0.00,N/A
172.65.135.21,4,1,0.75,206.97,0.00,N/A
172.65.148.121,4,1,0.75,207.00,0.00,N/A
172.66.170.113,4,1,0.75,207.12,0.00,N/A
104.25.48.87,4,1,0.75,207.13,0.00,N/A
104.25.235.208,4,1,0.75,207.14,0.00,N/A
104.27.87.172,4,1,0.75,207.20,0.00,N/A
172.67.158.60,4,1,0.75,207.29,0.00,N/A
172.66.175.99,4,1,0.75,207.34,0.00,N/A
104.25.118.195,4,1,0.75,207.64,0.00,N/A
172.65.78.233,4,1,0.75,207.81,0.00,N/A
104.27.91.230,4,1,0.75,207.84,0.00,N/A
172.65.7.104,4,1,0.75,208.03,0.00,N/A
104.25.31.136,4,1,0.75,208.28,0.00,N/A
104.21.88.170,4,1,0.75,208.49,0.00,N/A
172.66.148.89,4,1,0.75,208.74,0.00,N/A
172.67.254.249,4,1,0.75,208.83,0.00,N/A
172.65.151.216,4,1,0.75,208.83,0.00,N/A
104.24.164.72,4,1,0.75,208.87,0.00,N/A
104.25.112.251,4,1,0.75,208.89,0.00,N/A
172.66.202.91,4,1,0.75,208.97,0.00,N/A
104.27.204.155,4,1,0.75,209.12,0.00,N/A
172.66.149.178,4,1,0.75,209.35,0.00,N/A
104.21.214.139,4,1,0.75,209.39,0.00,N/A
104.25.131.12,4,1,0.75,209.44,0.00,N/A
104.21.192.176,4,1,0.75,209.54,0.00,N/A
172.65.82.216,4,1,0.75,209.68,0.00,N/A
172.67.213.102,4,1,0.75,210.06,0.00,N/A
172.67.203.37,4,1,0.75,210.13,0.00,N/A
104.27.80.237,4,1,0.75,210.24,0.00,N/A
104.25.130.75,4,1,0.75,210.47,0.00,N/A
172.67.220.102,4,1,0.75,210.63,0.00,N/A
172.65.159.179,4,1,0.75,210.90,0.00,N/A
104.25.50.40,4,1,0.75,210.91,0.00,N/A
104.25.37.69,4,1,0.75,211.44,0.00,N/A
172.65.119.184,4,1,0.75,211.52,0.00,N/A
172.64.68.56,4,1,0.75,211.53,0.00,N/A
104.25.46.13,4,1,0.75,211.63,0.00,N/A
172.65.136.180,4,1,0.75,211.87,0.00,N/A
104.25.216.86,4,1,0.75,212.16,0.00,N/A
104.24.142.88,4,1,0.75,212.23,0.00,N/A
172.67.141.176,4,1,0.75,212.26,0.00,N/A
104.25.90.98,4,1,0.75,212.29,0.00,N/A
172.67.255.47,4,1,0.75,212.57,0.00,N/A
172.65.141.137,4,1,0.75,212.60,0.00,N/A
172.65.145.140,4,1,0.75,212.84,0.00,N/A
104.25.205.242,4,1,0.75,212.99,0.00,N/A
172.65.125.181,4,1,0.75,213.23,0.00,N/A
104.21.66.181,4,1,0.75,213.41,0.00,N/A
172.65.120.54,4,1,0.75,213.44,0.00,N/A
172.64.232.18,4,1,0.75,213.48,0.00,N/A
172.65.178.13,4,1,0.75,213.67,0.00,N/A
104.25.127.122,4,1,0.75,214.19,0.00,N/A
104.24.174.125,4,1,0.75,214.31,0.00,N/A
104.24.166.2,4,1,0.75,214.50,0.00,N/A
172.67.247.141,4,1,0.75,214.57,0.00,N/A
172.67.88.195,4,1,0.75,214.85,0.00,N/A
172.67.129.138,4,1,0.75,214.89,0.00,N/A
104.27.42.96,4,1,0.75,215.04,0.00,N/A
172.67.236.13,4,1,0.75,215.82,0.00,N/A
172.64.65.173,4,1,0.75,215.85,0.00,N/A
172.67.231.98,4,1,0.75,215.85,0.00,N/A
104.25.215.19,4,1,0.75,215.92,0.00,N/A
104.21.58.44,4,1,0.75,215.94,0.00,N/A
104.24.152.71,4,1,0.75,216.06,0.00,N/A
172.65.184.91,4,1,0.75,216.17,0.00,N/A
172.66.154.175,4,1,0.75,216.18,0.00,N/A
104.24.247.62,4,1,0.75,216.22,0.00,N/A
104.20.7.147,4,1,0.75,216.39,0.00,N/A
104.24.178.121,4,1,0.75,216.39,0.00,N/A
172.65.89.109,4,1,0.75,216.41,0.00,N/A
172.67.170.130,4,1,0.75,216.54,0.00,N/A
104.24.1.158,4,1,0.75,216.63,0.00,N/A
172.66.169.199,4,1,0.75,216.93,0.00,N/A
172.65.158.102,4,1,0.75,216.98,0.00,N/A
104.27.10.202,4,1,0.75,217.15,0.00,N/A
172.65.155.182,4,1,0.75,217.16,0.00,N/A
104.24.68.232,4,1,0.75,217.16,0.00,N/A
104.25.218.30,4,1,0.75,217.19,0.00,N/A
104.24.140.181,4,1,0.75,217.53,0.00,N/A
172.65.107.157,4,1,0.75,217.74,0.00,N/A
172.67.150.199,4,1,0.75,217.82,0.00,N/A
104.25.114.230,4,1,0.75,217.91,0.00,N/A
104.20.17.122,4,1,0.75,217.92,0.00,N/A
172.66.155.20,4,1,0.75,218.18,0.00,N/A
172.65.174.168,4,1,0.75,218.29,0.00,N/A
104.25.204.159,4,1,0.75,218.33,0.00,N/A
104.27.48.42,4,1,0.75,218.44,0.00,N/A
172.67.218.68,4,1,0.75,218.62,0.00,N/A
172.67.253.31,4,1,0.75,218.66,0.00,N/A
104.25.35.88,4,1,0.75,218.73,0.00,N/A
104.20.14.144,4,1,0.75,218.77,0.00,N/A
104.26.9.57,4,1,0.75,218.77,0.00,N/A
104.26.10.142,4,1,0.75,218.77,0.00,N/A
104.25.128.198,4,1,0.75,218.85,0.00,N/A
172.67.215.109,4,1,0.75,218.89,0.00,N/A
104.25.47.216,4,1,0.75,218.90,0.00,N/A
104.24.151.196,4,1,0.75,219.03,0.00,N/A
172.67.207.74,4,1,0.75,219.14,0.00,N/A
172.67.239.220,4,1,0.75,219.25,0.00,N/A
172.67.221.76,4,1,0.75,219.33,0.00,N/A
104.25.226.26,4,1,0.75,219.39,0.00,N/A
172.67.214.173,4,1,0.75,219.55,0.00,N/A
104.25.100.198,4,1,0.75,220.39,0.00,N/A
104.25.44.158,4,1,0.75,220.57,0.00,N/A
172.65.90.69,4,1,0.75,220.79,0.00,N/A
172.65.29.207,4,1,0.75,220.80,0.00,N/A
104.27.198.138,4,1,0.75,220.87,0.00,N/A
172.64.69.175,4,1,0.75,220.92,0.00,N/A
104.25.105.101,4,1,0.75,221.11,0.00,N/A
172.67.160.91,4,1,0.75,221.40,0.00,N/A
172.65.46.249,4,1,0.75,221.44,0.00,N/A
172.67.157.54,4,1,0.75,222.19,0.00,N/A
172.67.90.218,4,1,0.75,222.39,0.00,N/A
172.65.108.203,4,1,0.75,222.61,0.00,N/A
104.24.69.153,4,1,0.75,222.62,0.00,N/A
104.25.111.143,4,1,0.75,222.67,0.00,N/A
104.24.197.102,4,1,0.75,223.01,0.00,N/A
172.65.182.9,4,1,0.75,223.97,0.00,N/A
172.67.217.5,4,1,0.75,224.74,0.00,N/A
104.25.134.68,4,1,0.75,225.28,0.00,N/A
104.25.201.188,4,1,0.75,225.31,0.00,N/A
172.67.97.177,4,1,0.75,225.53,0.00,N/A
172.67.226.242,4,1,0.75,226.16,0.00,N/A
104.25.42.88,4,1,0.75,226.50,0.00,N/A
104.25.107.35,4,1,0.75,227.24,0.00,N/A
172.65.170.153,4,1,0.75,227.94,0.00,N/A
172.65.169.192,4,1,0.75,228.50,0.00,N/A
104.27.53.129,4,1,0.75,229.27,0.00,N/A
172.67.200.11,4,1,0.75,230.06,0.00,N/A
104.24.241.233,4,1,0.75,230.14,0.00,N/A
104.25.89.210,4,1,0.75,230.22,0.00,N/A
172.67.103.32,4,1,0.75,230.51,0.00,N/A
104.20.12.167,4,1,0.75,231.18,0.00,N/A
104.24.196.247,4,1,0.75,232.05,0.00,N/A
104.25.109.126,4,1,0.75,232.05,0.00,N/A
172.64.144.150,4,1,0.75,232.20,0.00,N/A
172.65.171.47,4,1,0.75,232.38,0.00,N/A
172.67.80.131,4,1,0.75,232.44,0.00,N/A
172.64.88.120,4,1,0.75,232.63,0.00,N/A
172.67.100.162,4,1,0.75,232.87,0.00,N/A
104.25.113.242,4,1,0.75,233.12,0.00,N/A
172.67.84.43,4,1,0.75,233.39,0.00,N/A
172.66.174.42,4,1,0.75,234.15,0.00,N/A
172.67.205.68,4,1,0.75,234.36,0.00,N/A
172.65.188.184,4,1,0.75,234.48,0.00,N/A
172.67.95.206,4,1,0.75,234.84,0.00,N/A
172.67.232.75,4,1,0.75,235.12,0.00,N/A
104.24.244.97,4,1,0.75,235.36,0.00,N/A
104.25.213.65,4,1,0.75,235.43,0.00,N/A
104.20.15.98,4,1,0.75,235.85,0.00,N/A
104.27.126.31,4,1,0.75,236.00,0.00,N/A
172.65.94.111,4,1,0.75,236.74,0.00,N/A
172.66.146.75,4,1,0.75,236.99,0.00,N/A
104.21.84.95,4,1,0.75,237.00,0.00,N/A
104.21.208.131,4,1,0.75,237.19,0.00,N/A
172.65.93.171,4,1,0.75,237.25,0.00,N/A
104.25.211.148,4,1,0.75,237.44,0.00,N/A
104.24.238.146,4,1,0.75,237.48,0.00,N/A
104.24.159.195,4,1,0.75,237.52,0.00,N/A
172.65.190.70,4,1,0.75,237.66,0.00,N/A
172.65.202.4,4,1,0.75,237.83,0.00,N/A
104.25.224.142,4,1,0.75,237.92,0.00,N/A
104.27.89.174,4,1,0.75,237.95,0.00,N/A
104.25.208.76,4,1,0.75,238.28,0.00,N/A
104.21.82.200,4,1,0.75,238.37,0.00,N/A
104.27.39.166,4,1,0.75,238.53,0.00,N/A
104.21.198.184,4,1,0.75,238.65,0.00,N/A
104.25.219.103,4,1,0.75,238.89,0.00,N/A
104.25.243.235,4,1,0.75,239.12,0.00,N/A
104.27.86.208,4,1,0.75,239.46,0.00,N/A
104.25.220.149,4,1,0.75,239.53,0.00,N/A
104.20.0.156,4,1,0.75,239.74,0.00,N/A
104.25.198.82,4,1,0.75,239.88,0.00,N/A
104.25.108.88,4,1,0.75,239.94,0.00,N/A
104.29.155.24,4,1,0.75,240.01,0.00,N/A
104.29.153.100,4,1,0.75,240.01,0.00,N/A
104.24.154.104,4,1,0.75,240.02,0.00,N/A
172.66.143.95,4,1,0.75,240.11,0.00,N/A
104.25.32.176,4,1,0.75,240.12,0.00,N/A
104.24.141.117,4,1,0.75,240.20,0.00,N/A
104.24.139.211,4,1,0.75,240.20,0.00,N/A
104.21.209.7,4,1,0.75,240.32,0.00,N/A
104.25.203.194,4,1,0.75,240.34,0.00,N/A
172.67.83.181,4,1,0.75,240.37,0.00,N/A
172.66.150.206,4,1,0.75,240.60,0.00,N/A
104.24.171.136,4,1,0.75,240.94,0.00,N/A
172.65.147.161,4,1,0.75,241.02,0.00,N/A
172.65.65.123,4,1,0.75,241.38,0.00,N/A
172.65.109.114,4,1,0.75,241.54,0.00,N/A
104.20.8.154,4,1,0.75,241.62,0.00,N/A
172.67.87.33,4,1,0.75,241.63,0.00,N/A
104.27.81.37,4,1,0.75,241.64,0.00,N/A
104.24.172.178,4,1,0.75,241.64,0.00,N/A
104.20.18.212,4,1,0.75,241.70,0.00,N/A
104.27.58.181,4,1,0.75,241.88,0.00,N/A
172.65.96.30,4,1,0.75,242.03,0.00,N/A
172.67.81.203,4,1,0.75,242.13,0.00,N/A
172.66.147.110,4,1,0.75,242.14,0.00,N/A
104.25.137.136,4,1,0.75,242.33,0.00,N/A
172.67.92.148,4,1,0.75,242.68,0.00,N/A
104.27.7.233,4,1,0.75,242.69,0.00,N/A
172.65.143.252,4,1,0.75,242.91,0.00,N/A
104.24.160.21,4,1,0.75,243.05,0.00,N/A
104.25.104.203,4,1,0.75,243.14,0.00,N/A
104.24.175.97,4,1,0.75,243.25,0.00,N/A
172.65.36.254,4,1,0.75,243.26,0.00,N/A
172.65.37.205,4,1,0.75,243.41,0.00,N/A
104.25.242.240,4,1,0.75,243.46,0.00,N/A
172.66.142.17,4,1,0.75,243.79,0.00,N/A
172.67.137.38,4,1,0.75,244.23,0.00,N/A
104.25.36.200,4,1,0.75,244.28,0.00,N/A
172.66.217.79,4,1,0.75,244.47,0.00,N/A
104.26.12.239,4,1,0.75,244.47,0.00,N/A
172.65.66.52,4,1,0.75,244.50,0.00,N/A
104.25.237.75,4,1,0.75,244.54,0.00,N/A
172.65.140.74,4,1,0.75,244.69,0.00,N/A
104.20.24.164,4,1,0.75,244.80,0.00,N/A
104.25.96.245,4,1,0.75,244.80,0.00,N/A
104.25.52.254,4,1,0.75,244.97,0.00,N/A
104.27.36.63,4,1,0.75,245.37,0.00,N/A
104.27.59.185,4,1,0.75,245.56,0.00,N/A
104.25.143.213,4,1,0.75,245.60,0.00,N/A
104.27.83.168,4,1,0.75,245.68,0.00,N/A
104.24.246.64,4,1,0.75,245.70,0.00,N/A
104.25.102.181,4,1,0.75,245.75,0.00,N/A
104.25.49.62,4,1,0.75,246.18,0.00,N/A
172.67.146.219,4,1,0.75,246.24,0.00,N/A
172.65.28.166,4,1,0.75,246.32,0.00,N/A
104.24.153.199,4,1,0.75,246.58,0.00,N/A
104.24.232.95,4,1,0.75,246.58,0.00,N/A
104.25.236.9,4,1,0.75,246.61,0.00,N/A
104.25.82.122,4,1,0.75,246.75,0.00,N/A
104.20.6.151,4,1,0.75,246.82,0.00,N/A
104.24.62.95,4,1,0.75,246.87,0.00,N/A
172.65.150.8,4,1,0.75,247.41,0.00,N/A
172.65.122.42,4,1,0.75,247.81,0.00,N/A
172.67.251.14,4,1,0.75,247.87,0.00,N/A
172.65.75.11,4,1,0.75,247.98,0.00,N/A
104.25.140.130,4,1,0.75,248.10,0.00,N/A
172.67.136.149,4,1,0.75,248.32,0.00,N/A
172.65.152.94,4,1,0.75,248.68,0.00,N/A
104.25.116.114,4,1,0.75,249.20,0.00,N/A
104.25.196.101,4,1,0.75,249.36,0.00,N/A
172.65.97.66,4,1,0.75,249.41,0.00,N/A
104.24.161.125,4,1,0.75,249.45,0.00,N/A
172.65.180.122,4,1,0.75,249.63,0.00,N/A
104.25.101.81,4,1,0.75,249.90,0.00,N/A
104.27.77.253,4,1,0.75,249.97,0.00,N/A
104.24.74.55,4,1,0.75,250.18,0.00,N/A
172.67.67.151,4,1,0.75,250.90,0.00,N/A
104.25.240.76,4,1,0.75,251.00,0.00,N/A
104.24.162.160,4,1,0.75,251.15,0.00,N/A
104.25.133.234,4,1,0.75,251.61,0.00,N/A
104.24.243.183,4,1,0.75,251.73,0.00,N/A
104.25.91.134,4,1,0.75,251.73,0.00,N/A
172.66.215.225,4,1,0.75,253.74,0.00,N/A
104.25.136.184,4,1,0.75,254.46,0.00,N/A
104.25.132.104,4,1,0.75,254.72,0.00,N/A
104.25.38.137,4,1,0.75,254.79,0.00,N/A
104.25.45.226,4,1,0.75,255.44,0.00,N/A
104.24.150.229,4,1,0.75,256.06,0.00,N/A
104.24.235.226,4,1,0.75,256.06,0.00,N/A
104.26.13.21,4,1,0.75,256.91,0.00,N/A
104.25.197.201,4,1,0.75,257.70,0.00,N/A
104.24.234.16,4,1,0.75,257.96,0.00,N/A
104.24.169.229,4,1,0.75,258.98,0.00,N/A
104.24.168.60,4,1,0.75,260.06,0.00,N/A
104.24.66.20,4,1,0.75,260.69,0.00,N/A
104.29.151.42,4,1,0.75,260.70,0.00,N/A
104.26.7.112,4,1,0.75,260.71,0.00,N/A
104.25.94.235,4,1,0.75,263.76,0.00,N/A
172.65.215.130,4,1,0.75,264.63,0.00,N/A
104.25.34.125,4,1,0.75,268.99,0.00,N/A
172.65.196.73,4,1,0.75,271.46,0.00,N/A
172.66.44.86,4,1,0.75,271.98,0.00,N/A
104.29.144.143,4,1,0.75,274.22,0.00,N/A
172.65.212.75,4,1,0.75,288.43,0.00,N/A
172.64.38.215,4,1,0.75,294.83,0.00,N/A
172.65.237.197,4,1,0.75,295.21,0.00,N/A
172.64.89.88,4,1,0.75,305.76,0.00,N/A
172.65.200.110,4,1,0.75,317.41,0.00,N/A
172.64.49.157,4,1,0.75,319.65,0.00,N/A
104.17.241.45,4,1,0.75,333.17,0.00,N/A
104.19.114.4,4,1,0.75,350.42,0.00,N/A
104.29.145.220,4,1,0.75,365.97,0.00,N/A
104.19.111.91,4,1,0.75,379.40,0.00,N/A
104.19.125.179,4,1,0.75,381.59,0.00,N/A
104.19.117.86,4,1,0.75,385.43,0.00,N/A
104.19.119.249,4,1,0.75,415.04,0.00,N/A
104.19.113.18,4,1,0.75,416.97,0.00,N/A
104.19.115.2,4,1,0.75,418.80,0.00,N/A
104.19.140.17,4,1,0.75,423.23,0.00,N/A
